time_non_dst,IST_time,UTC+02:00_time,UTC-02:00_time
16:14:03+00:00,22:07:03+5:53:00,18:14:03+02:00,14:14:03-02:00
12:20:25+00:00,18:13:25+5:53:00,14:20:25+02:00,10:20:25-02:00
23:22:53+00:00,05:15:53+5:53:00,01:22:53+02:00,21:22:53-02:00
18:33:49+00:00,00:26:49+5:53:00,20:33:49+02:00,16:33:49-02:00
17:16:32+00:00,23:09:32+5:53:00,19:16:32+02:00,15:16:32-02:00
12:15:28+00:00,18:08:28+5:53:00,14:15:28+02:00,10:15:28-02:00
23:20:56+00:00,05:13:56+5:53:00,01:20:56+02:00,21:20:56-02:00
07:34:07+00:00,13:27:07+5:53:00,09:34:07+02:00,05:34:07-02:00
07:15:41+00:00,13:08:41+5:53:00,09:15:41+02:00,05:15:41-02:00
07:18:18+00:00,13:11:18+5:53:00,09:18:18+02:00,05:18:18-02:00
07:15:41+00:00,13:08:41+5:53:00,09:15:41+02:00,05:15:41-02:00
07:30:33+00:00,13:23:33+5:53:00,09:30:33+02:00,05:30:33-02:00
12:11:22+00:00,18:04:22+5:53:00,14:11:22+02:00,10:11:22-02:00
08:04:09+00:00,13:57:09+5:53:00,10:04:09+02:00,06:04:09-02:00
07:15:42+00:00,13:08:42+5:53:00,09:15:42+02:00,05:15:42-02:00
07:18:21+00:00,13:11:21+5:53:00,09:18:21+02:00,05:18:21-02:00
07:15:42+00:00,13:08:42+5:53:00,09:15:42+02:00,05:15:42-02:00
18:00:17+00:00,23:53:17+5:53:00,20:00:17+02:00,16:00:17-02:00
12:45:36+00:00,18:38:36+5:53:00,14:45:36+02:00,10:45:36-02:00
15:50:28+00:00,21:43:28+5:53:00,17:50:28+02:00,13:50:28-02:00
12:45:37+00:00,18:38:37+5:53:00,14:45:37+02:00,10:45:37-02:00
15:50:28+00:00,21:43:28+5:53:00,17:50:28+02:00,13:50:28-02:00
12:45:37+00:00,18:38:37+5:53:00,14:45:37+02:00,10:45:37-02:00
15:50:28+00:00,21:43:28+5:53:00,17:50:28+02:00,13:50:28-02:00
12:00:10+00:00,17:53:10+5:53:00,14:00:10+02:00,10:00:10-02:00
09:15:20+00:00,15:08:20+5:53:00,11:15:20+02:00,07:15:20-02:00
17:00:55+00:00,22:53:55+5:53:00,19:00:55+02:00,15:00:55-02:00
12:22:50+00:00,18:15:50+5:53:00,14:22:50+02:00,10:22:50-02:00
12:45:36+00:00,18:38:36+5:53:00,14:45:36+02:00,10:45:36-02:00
15:50:27+00:00,21:43:27+5:53:00,17:50:27+02:00,13:50:27-02:00
12:27:31+00:00,18:20:31+5:53:00,14:27:31+02:00,10:27:31-02:00
12:00:12+00:00,17:53:12+5:53:00,14:00:12+02:00,10:00:12-02:00
12:10:05+00:00,18:03:05+5:53:00,14:10:05+02:00,10:10:05-02:00
15:00:39+00:00,20:53:39+5:53:00,17:00:39+02:00,13:00:39-02:00
15:13:50+00:00,21:06:50+5:53:00,17:13:50+02:00,13:13:50-02:00
12:19:20+00:00,18:12:20+5:53:00,14:19:20+02:00,10:19:20-02:00
15:50:29+00:00,21:43:29+5:53:00,17:50:29+02:00,13:50:29-02:00
15:50:29+00:00,21:43:29+5:53:00,17:50:29+02:00,13:50:29-02:00
15:50:29+00:00,21:43:29+5:53:00,17:50:29+02:00,13:50:29-02:00
12:45:35+00:00,18:38:35+5:53:00,14:45:35+02:00,10:45:35-02:00
15:50:29+00:00,21:43:29+5:53:00,17:50:29+02:00,13:50:29-02:00
12:28:03+00:00,18:21:03+5:53:00,14:28:03+02:00,10:28:03-02:00
12:28:03+00:00,18:21:03+5:53:00,14:28:03+02:00,10:28:03-02:00
12:28:03+00:00,18:21:03+5:53:00,14:28:03+02:00,10:28:03-02:00
12:28:03+00:00,18:21:03+5:53:00,14:28:03+02:00,10:28:03-02:00
12:28:03+00:00,18:21:03+5:53:00,14:28:03+02:00,10:28:03-02:00
12:28:03+00:00,18:21:03+5:53:00,14:28:03+02:00,10:28:03-02:00
12:28:04+00:00,18:21:04+5:53:00,14:28:04+02:00,10:28:04-02:00
12:28:04+00:00,18:21:04+5:53:00,14:28:04+02:00,10:28:04-02:00
12:28:05+00:00,18:21:05+5:53:00,14:28:05+02:00,10:28:05-02:00
12:28:05+00:00,18:21:05+5:53:00,14:28:05+02:00,10:28:05-02:00
12:28:06+00:00,18:21:06+5:53:00,14:28:06+02:00,10:28:06-02:00
12:28:06+00:00,18:21:06+5:53:00,14:28:06+02:00,10:28:06-02:00
12:28:06+00:00,18:21:06+5:53:00,14:28:06+02:00,10:28:06-02:00
12:28:06+00:00,18:21:06+5:53:00,14:28:06+02:00,10:28:06-02:00
12:28:06+00:00,18:21:06+5:53:00,14:28:06+02:00,10:28:06-02:00
12:28:06+00:00,18:21:06+5:53:00,14:28:06+02:00,10:28:06-02:00
12:28:06+00:00,18:21:06+5:53:00,14:28:06+02:00,10:28:06-02:00
12:28:06+00:00,18:21:06+5:53:00,14:28:06+02:00,10:28:06-02:00
12:28:06+00:00,18:21:06+5:53:00,14:28:06+02:00,10:28:06-02:00
12:28:06+00:00,18:21:06+5:53:00,14:28:06+02:00,10:28:06-02:00
12:28:06+00:00,18:21:06+5:53:00,14:28:06+02:00,10:28:06-02:00
12:28:06+00:00,18:21:06+5:53:00,14:28:06+02:00,10:28:06-02:00
12:28:06+00:00,18:21:06+5:53:00,14:28:06+02:00,10:28:06-02:00
12:28:06+00:00,18:21:06+5:53:00,14:28:06+02:00,10:28:06-02:00
12:28:06+00:00,18:21:06+5:53:00,14:28:06+02:00,10:28:06-02:00
12:28:06+00:00,18:21:06+5:53:00,14:28:06+02:00,10:28:06-02:00
12:28:07+00:00,18:21:07+5:53:00,14:28:07+02:00,10:28:07-02:00
12:28:07+00:00,18:21:07+5:53:00,14:28:07+02:00,10:28:07-02:00
12:28:07+00:00,18:21:07+5:53:00,14:28:07+02:00,10:28:07-02:00
12:28:07+00:00,18:21:07+5:53:00,14:28:07+02:00,10:28:07-02:00
12:28:08+00:00,18:21:08+5:53:00,14:28:08+02:00,10:28:08-02:00
12:28:08+00:00,18:21:08+5:53:00,14:28:08+02:00,10:28:08-02:00
12:28:08+00:00,18:21:08+5:53:00,14:28:08+02:00,10:28:08-02:00
12:28:08+00:00,18:21:08+5:53:00,14:28:08+02:00,10:28:08-02:00
12:28:08+00:00,18:21:08+5:53:00,14:28:08+02:00,10:28:08-02:00
12:28:09+00:00,18:21:09+5:53:00,14:28:09+02:00,10:28:09-02:00
12:28:09+00:00,18:21:09+5:53:00,14:28:09+02:00,10:28:09-02:00
12:28:09+00:00,18:21:09+5:53:00,14:28:09+02:00,10:28:09-02:00
12:28:09+00:00,18:21:09+5:53:00,14:28:09+02:00,10:28:09-02:00
12:28:09+00:00,18:21:09+5:53:00,14:28:09+02:00,10:28:09-02:00
12:28:09+00:00,18:21:09+5:53:00,14:28:09+02:00,10:28:09-02:00
12:28:09+00:00,18:21:09+5:53:00,14:28:09+02:00,10:28:09-02:00
12:28:09+00:00,18:21:09+5:53:00,14:28:09+02:00,10:28:09-02:00
12:28:09+00:00,18:21:09+5:53:00,14:28:09+02:00,10:28:09-02:00
12:28:09+00:00,18:21:09+5:53:00,14:28:09+02:00,10:28:09-02:00
12:28:09+00:00,18:21:09+5:53:00,14:28:09+02:00,10:28:09-02:00
12:28:09+00:00,18:21:09+5:53:00,14:28:09+02:00,10:28:09-02:00
12:28:10+00:00,18:21:10+5:53:00,14:28:10+02:00,10:28:10-02:00
12:28:10+00:00,18:21:10+5:53:00,14:28:10+02:00,10:28:10-02:00
12:28:10+00:00,18:21:10+5:53:00,14:28:10+02:00,10:28:10-02:00
12:28:10+00:00,18:21:10+5:53:00,14:28:10+02:00,10:28:10-02:00
12:28:10+00:00,18:21:10+5:53:00,14:28:10+02:00,10:28:10-02:00
12:28:10+00:00,18:21:10+5:53:00,14:28:10+02:00,10:28:10-02:00
12:28:10+00:00,18:21:10+5:53:00,14:28:10+02:00,10:28:10-02:00
12:28:11+00:00,18:21:11+5:53:00,14:28:11+02:00,10:28:11-02:00
12:28:12+00:00,18:21:12+5:53:00,14:28:12+02:00,10:28:12-02:00
12:28:12+00:00,18:21:12+5:53:00,14:28:12+02:00,10:28:12-02:00
12:28:13+00:00,18:21:13+5:53:00,14:28:13+02:00,10:28:13-02:00
12:28:13+00:00,18:21:13+5:53:00,14:28:13+02:00,10:28:13-02:00
12:28:13+00:00,18:21:13+5:53:00,14:28:13+02:00,10:28:13-02:00
12:28:13+00:00,18:21:13+5:53:00,14:28:13+02:00,10:28:13-02:00
12:28:13+00:00,18:21:13+5:53:00,14:28:13+02:00,10:28:13-02:00
12:28:14+00:00,18:21:14+5:53:00,14:28:14+02:00,10:28:14-02:00
12:28:14+00:00,18:21:14+5:53:00,14:28:14+02:00,10:28:14-02:00
12:28:14+00:00,18:21:14+5:53:00,14:28:14+02:00,10:28:14-02:00
12:28:14+00:00,18:21:14+5:53:00,14:28:14+02:00,10:28:14-02:00
12:28:14+00:00,18:21:14+5:53:00,14:28:14+02:00,10:28:14-02:00
12:28:14+00:00,18:21:14+5:53:00,14:28:14+02:00,10:28:14-02:00
12:28:14+00:00,18:21:14+5:53:00,14:28:14+02:00,10:28:14-02:00
12:28:14+00:00,18:21:14+5:53:00,14:28:14+02:00,10:28:14-02:00
12:28:15+00:00,18:21:15+5:53:00,14:28:15+02:00,10:28:15-02:00
12:28:15+00:00,18:21:15+5:53:00,14:28:15+02:00,10:28:15-02:00
12:28:15+00:00,18:21:15+5:53:00,14:28:15+02:00,10:28:15-02:00
12:28:15+00:00,18:21:15+5:53:00,14:28:15+02:00,10:28:15-02:00
12:28:15+00:00,18:21:15+5:53:00,14:28:15+02:00,10:28:15-02:00
12:28:15+00:00,18:21:15+5:53:00,14:28:15+02:00,10:28:15-02:00
12:28:15+00:00,18:21:15+5:53:00,14:28:15+02:00,10:28:15-02:00
12:28:15+00:00,18:21:15+5:53:00,14:28:15+02:00,10:28:15-02:00
12:28:15+00:00,18:21:15+5:53:00,14:28:15+02:00,10:28:15-02:00
12:28:15+00:00,18:21:15+5:53:00,14:28:15+02:00,10:28:15-02:00
12:28:15+00:00,18:21:15+5:53:00,14:28:15+02:00,10:28:15-02:00
12:28:15+00:00,18:21:15+5:53:00,14:28:15+02:00,10:28:15-02:00
12:28:15+00:00,18:21:15+5:53:00,14:28:15+02:00,10:28:15-02:00
12:28:15+00:00,18:21:15+5:53:00,14:28:15+02:00,10:28:15-02:00
12:28:16+00:00,18:21:16+5:53:00,14:28:16+02:00,10:28:16-02:00
12:28:16+00:00,18:21:16+5:53:00,14:28:16+02:00,10:28:16-02:00
12:28:16+00:00,18:21:16+5:53:00,14:28:16+02:00,10:28:16-02:00
12:28:16+00:00,18:21:16+5:53:00,14:28:16+02:00,10:28:16-02:00
12:28:16+00:00,18:21:16+5:53:00,14:28:16+02:00,10:28:16-02:00
12:28:16+00:00,18:21:16+5:53:00,14:28:16+02:00,10:28:16-02:00
12:28:16+00:00,18:21:16+5:53:00,14:28:16+02:00,10:28:16-02:00
12:28:16+00:00,18:21:16+5:53:00,14:28:16+02:00,10:28:16-02:00
12:28:17+00:00,18:21:17+5:53:00,14:28:17+02:00,10:28:17-02:00
12:28:17+00:00,18:21:17+5:53:00,14:28:17+02:00,10:28:17-02:00
12:28:17+00:00,18:21:17+5:53:00,14:28:17+02:00,10:28:17-02:00
12:28:17+00:00,18:21:17+5:53:00,14:28:17+02:00,10:28:17-02:00
12:28:17+00:00,18:21:17+5:53:00,14:28:17+02:00,10:28:17-02:00
12:28:17+00:00,18:21:17+5:53:00,14:28:17+02:00,10:28:17-02:00
12:28:18+00:00,18:21:18+5:53:00,14:28:18+02:00,10:28:18-02:00
12:28:18+00:00,18:21:18+5:53:00,14:28:18+02:00,10:28:18-02:00
12:28:19+00:00,18:21:19+5:53:00,14:28:19+02:00,10:28:19-02:00
12:28:19+00:00,18:21:19+5:53:00,14:28:19+02:00,10:28:19-02:00
12:28:19+00:00,18:21:19+5:53:00,14:28:19+02:00,10:28:19-02:00
12:28:20+00:00,18:21:20+5:53:00,14:28:20+02:00,10:28:20-02:00
12:28:20+00:00,18:21:20+5:53:00,14:28:20+02:00,10:28:20-02:00
12:28:20+00:00,18:21:20+5:53:00,14:28:20+02:00,10:28:20-02:00
12:28:20+00:00,18:21:20+5:53:00,14:28:20+02:00,10:28:20-02:00
12:28:20+00:00,18:21:20+5:53:00,14:28:20+02:00,10:28:20-02:00
12:28:20+00:00,18:21:20+5:53:00,14:28:20+02:00,10:28:20-02:00
12:28:21+00:00,18:21:21+5:53:00,14:28:21+02:00,10:28:21-02:00
12:28:21+00:00,18:21:21+5:53:00,14:28:21+02:00,10:28:21-02:00
12:28:21+00:00,18:21:21+5:53:00,14:28:21+02:00,10:28:21-02:00
12:28:21+00:00,18:21:21+5:53:00,14:28:21+02:00,10:28:21-02:00
12:28:21+00:00,18:21:21+5:53:00,14:28:21+02:00,10:28:21-02:00
12:28:21+00:00,18:21:21+5:53:00,14:28:21+02:00,10:28:21-02:00
12:28:21+00:00,18:21:21+5:53:00,14:28:21+02:00,10:28:21-02:00
12:28:21+00:00,18:21:21+5:53:00,14:28:21+02:00,10:28:21-02:00
12:28:21+00:00,18:21:21+5:53:00,14:28:21+02:00,10:28:21-02:00
12:28:21+00:00,18:21:21+5:53:00,14:28:21+02:00,10:28:21-02:00
12:28:22+00:00,18:21:22+5:53:00,14:28:22+02:00,10:28:22-02:00
12:28:22+00:00,18:21:22+5:53:00,14:28:22+02:00,10:28:22-02:00
12:28:22+00:00,18:21:22+5:53:00,14:28:22+02:00,10:28:22-02:00
12:28:22+00:00,18:21:22+5:53:00,14:28:22+02:00,10:28:22-02:00
12:28:22+00:00,18:21:22+5:53:00,14:28:22+02:00,10:28:22-02:00
12:28:22+00:00,18:21:22+5:53:00,14:28:22+02:00,10:28:22-02:00
12:28:22+00:00,18:21:22+5:53:00,14:28:22+02:00,10:28:22-02:00
12:28:22+00:00,18:21:22+5:53:00,14:28:22+02:00,10:28:22-02:00
12:28:22+00:00,18:21:22+5:53:00,14:28:22+02:00,10:28:22-02:00
12:28:22+00:00,18:21:22+5:53:00,14:28:22+02:00,10:28:22-02:00
12:28:22+00:00,18:21:22+5:53:00,14:28:22+02:00,10:28:22-02:00
12:28:23+00:00,18:21:23+5:53:00,14:28:23+02:00,10:28:23-02:00
12:28:23+00:00,18:21:23+5:53:00,14:28:23+02:00,10:28:23-02:00
12:28:23+00:00,18:21:23+5:53:00,14:28:23+02:00,10:28:23-02:00
12:28:23+00:00,18:21:23+5:53:00,14:28:23+02:00,10:28:23-02:00
12:28:23+00:00,18:21:23+5:53:00,14:28:23+02:00,10:28:23-02:00
12:28:24+00:00,18:21:24+5:53:00,14:28:24+02:00,10:28:24-02:00
12:28:24+00:00,18:21:24+5:53:00,14:28:24+02:00,10:28:24-02:00
12:28:24+00:00,18:21:24+5:53:00,14:28:24+02:00,10:28:24-02:00
12:28:24+00:00,18:21:24+5:53:00,14:28:24+02:00,10:28:24-02:00
12:28:24+00:00,18:21:24+5:53:00,14:28:24+02:00,10:28:24-02:00
12:28:24+00:00,18:21:24+5:53:00,14:28:24+02:00,10:28:24-02:00
12:28:24+00:00,18:21:24+5:53:00,14:28:24+02:00,10:28:24-02:00
12:28:24+00:00,18:21:24+5:53:00,14:28:24+02:00,10:28:24-02:00
12:28:24+00:00,18:21:24+5:53:00,14:28:24+02:00,10:28:24-02:00
12:28:24+00:00,18:21:24+5:53:00,14:28:24+02:00,10:28:24-02:00
12:28:25+00:00,18:21:25+5:53:00,14:28:25+02:00,10:28:25-02:00
12:28:25+00:00,18:21:25+5:53:00,14:28:25+02:00,10:28:25-02:00
12:28:25+00:00,18:21:25+5:53:00,14:28:25+02:00,10:28:25-02:00
12:28:25+00:00,18:21:25+5:53:00,14:28:25+02:00,10:28:25-02:00
12:28:25+00:00,18:21:25+5:53:00,14:28:25+02:00,10:28:25-02:00
12:28:25+00:00,18:21:25+5:53:00,14:28:25+02:00,10:28:25-02:00
12:28:25+00:00,18:21:25+5:53:00,14:28:25+02:00,10:28:25-02:00
12:28:25+00:00,18:21:25+5:53:00,14:28:25+02:00,10:28:25-02:00
12:28:26+00:00,18:21:26+5:53:00,14:28:26+02:00,10:28:26-02:00
12:28:26+00:00,18:21:26+5:53:00,14:28:26+02:00,10:28:26-02:00
12:28:26+00:00,18:21:26+5:53:00,14:28:26+02:00,10:28:26-02:00
12:28:26+00:00,18:21:26+5:53:00,14:28:26+02:00,10:28:26-02:00
12:28:26+00:00,18:21:26+5:53:00,14:28:26+02:00,10:28:26-02:00
12:28:26+00:00,18:21:26+5:53:00,14:28:26+02:00,10:28:26-02:00
12:28:26+00:00,18:21:26+5:53:00,14:28:26+02:00,10:28:26-02:00
12:28:26+00:00,18:21:26+5:53:00,14:28:26+02:00,10:28:26-02:00
12:28:26+00:00,18:21:26+5:53:00,14:28:26+02:00,10:28:26-02:00
12:28:27+00:00,18:21:27+5:53:00,14:28:27+02:00,10:28:27-02:00
12:28:27+00:00,18:21:27+5:53:00,14:28:27+02:00,10:28:27-02:00
12:28:27+00:00,18:21:27+5:53:00,14:28:27+02:00,10:28:27-02:00
12:28:27+00:00,18:21:27+5:53:00,14:28:27+02:00,10:28:27-02:00
12:28:27+00:00,18:21:27+5:53:00,14:28:27+02:00,10:28:27-02:00
12:28:27+00:00,18:21:27+5:53:00,14:28:27+02:00,10:28:27-02:00
12:28:27+00:00,18:21:27+5:53:00,14:28:27+02:00,10:28:27-02:00
12:28:27+00:00,18:21:27+5:53:00,14:28:27+02:00,10:28:27-02:00
12:28:27+00:00,18:21:27+5:53:00,14:28:27+02:00,10:28:27-02:00
12:28:27+00:00,18:21:27+5:53:00,14:28:27+02:00,10:28:27-02:00
12:28:27+00:00,18:21:27+5:53:00,14:28:27+02:00,10:28:27-02:00
12:28:28+00:00,18:21:28+5:53:00,14:28:28+02:00,10:28:28-02:00
12:28:28+00:00,18:21:28+5:53:00,14:28:28+02:00,10:28:28-02:00
12:28:28+00:00,18:21:28+5:53:00,14:28:28+02:00,10:28:28-02:00
12:33:13+00:00,18:26:13+5:53:00,14:33:13+02:00,10:33:13-02:00
12:28:28+00:00,18:21:28+5:53:00,14:28:28+02:00,10:28:28-02:00
12:28:28+00:00,18:21:28+5:53:00,14:28:28+02:00,10:28:28-02:00
12:28:29+00:00,18:21:29+5:53:00,14:28:29+02:00,10:28:29-02:00
12:28:29+00:00,18:21:29+5:53:00,14:28:29+02:00,10:28:29-02:00
12:28:29+00:00,18:21:29+5:53:00,14:28:29+02:00,10:28:29-02:00
12:28:29+00:00,18:21:29+5:53:00,14:28:29+02:00,10:28:29-02:00
12:28:29+00:00,18:21:29+5:53:00,14:28:29+02:00,10:28:29-02:00
12:28:29+00:00,18:21:29+5:53:00,14:28:29+02:00,10:28:29-02:00
12:28:29+00:00,18:21:29+5:53:00,14:28:29+02:00,10:28:29-02:00
12:28:29+00:00,18:21:29+5:53:00,14:28:29+02:00,10:28:29-02:00
12:28:29+00:00,18:21:29+5:53:00,14:28:29+02:00,10:28:29-02:00
12:28:29+00:00,18:21:29+5:53:00,14:28:29+02:00,10:28:29-02:00
12:28:29+00:00,18:21:29+5:53:00,14:28:29+02:00,10:28:29-02:00
12:28:29+00:00,18:21:29+5:53:00,14:28:29+02:00,10:28:29-02:00
12:28:29+00:00,18:21:29+5:53:00,14:28:29+02:00,10:28:29-02:00
12:28:29+00:00,18:21:29+5:53:00,14:28:29+02:00,10:28:29-02:00
12:28:29+00:00,18:21:29+5:53:00,14:28:29+02:00,10:28:29-02:00
12:28:30+00:00,18:21:30+5:53:00,14:28:30+02:00,10:28:30-02:00
12:28:30+00:00,18:21:30+5:53:00,14:28:30+02:00,10:28:30-02:00
12:28:30+00:00,18:21:30+5:53:00,14:28:30+02:00,10:28:30-02:00
12:28:30+00:00,18:21:30+5:53:00,14:28:30+02:00,10:28:30-02:00
12:28:30+00:00,18:21:30+5:53:00,14:28:30+02:00,10:28:30-02:00
12:28:30+00:00,18:21:30+5:53:00,14:28:30+02:00,10:28:30-02:00
12:28:30+00:00,18:21:30+5:53:00,14:28:30+02:00,10:28:30-02:00
12:28:30+00:00,18:21:30+5:53:00,14:28:30+02:00,10:28:30-02:00
12:28:30+00:00,18:21:30+5:53:00,14:28:30+02:00,10:28:30-02:00
12:28:31+00:00,18:21:31+5:53:00,14:28:31+02:00,10:28:31-02:00
12:28:31+00:00,18:21:31+5:53:00,14:28:31+02:00,10:28:31-02:00
12:28:31+00:00,18:21:31+5:53:00,14:28:31+02:00,10:28:31-02:00
12:28:31+00:00,18:21:31+5:53:00,14:28:31+02:00,10:28:31-02:00
12:28:31+00:00,18:21:31+5:53:00,14:28:31+02:00,10:28:31-02:00
12:28:31+00:00,18:21:31+5:53:00,14:28:31+02:00,10:28:31-02:00
12:28:31+00:00,18:21:31+5:53:00,14:28:31+02:00,10:28:31-02:00
12:28:31+00:00,18:21:31+5:53:00,14:28:31+02:00,10:28:31-02:00
12:28:31+00:00,18:21:31+5:53:00,14:28:31+02:00,10:28:31-02:00
12:28:31+00:00,18:21:31+5:53:00,14:28:31+02:00,10:28:31-02:00
12:28:32+00:00,18:21:32+5:53:00,14:28:32+02:00,10:28:32-02:00
12:28:32+00:00,18:21:32+5:53:00,14:28:32+02:00,10:28:32-02:00
12:28:32+00:00,18:21:32+5:53:00,14:28:32+02:00,10:28:32-02:00
12:28:32+00:00,18:21:32+5:53:00,14:28:32+02:00,10:28:32-02:00
12:28:32+00:00,18:21:32+5:53:00,14:28:32+02:00,10:28:32-02:00
12:28:32+00:00,18:21:32+5:53:00,14:28:32+02:00,10:28:32-02:00
12:28:32+00:00,18:21:32+5:53:00,14:28:32+02:00,10:28:32-02:00
12:28:32+00:00,18:21:32+5:53:00,14:28:32+02:00,10:28:32-02:00
12:28:32+00:00,18:21:32+5:53:00,14:28:32+02:00,10:28:32-02:00
12:28:32+00:00,18:21:32+5:53:00,14:28:32+02:00,10:28:32-02:00
12:28:32+00:00,18:21:32+5:53:00,14:28:32+02:00,10:28:32-02:00
12:28:32+00:00,18:21:32+5:53:00,14:28:32+02:00,10:28:32-02:00
12:28:32+00:00,18:21:32+5:53:00,14:28:32+02:00,10:28:32-02:00
12:28:33+00:00,18:21:33+5:53:00,14:28:33+02:00,10:28:33-02:00
12:28:33+00:00,18:21:33+5:53:00,14:28:33+02:00,10:28:33-02:00
12:28:33+00:00,18:21:33+5:53:00,14:28:33+02:00,10:28:33-02:00
12:28:33+00:00,18:21:33+5:53:00,14:28:33+02:00,10:28:33-02:00
12:28:33+00:00,18:21:33+5:53:00,14:28:33+02:00,10:28:33-02:00
12:28:33+00:00,18:21:33+5:53:00,14:28:33+02:00,10:28:33-02:00
12:28:33+00:00,18:21:33+5:53:00,14:28:33+02:00,10:28:33-02:00
12:28:33+00:00,18:21:33+5:53:00,14:28:33+02:00,10:28:33-02:00
12:28:33+00:00,18:21:33+5:53:00,14:28:33+02:00,10:28:33-02:00
12:28:33+00:00,18:21:33+5:53:00,14:28:33+02:00,10:28:33-02:00
12:28:33+00:00,18:21:33+5:53:00,14:28:33+02:00,10:28:33-02:00
12:28:34+00:00,18:21:34+5:53:00,14:28:34+02:00,10:28:34-02:00
12:28:34+00:00,18:21:34+5:53:00,14:28:34+02:00,10:28:34-02:00
12:28:34+00:00,18:21:34+5:53:00,14:28:34+02:00,10:28:34-02:00
12:28:34+00:00,18:21:34+5:53:00,14:28:34+02:00,10:28:34-02:00
12:28:34+00:00,18:21:34+5:53:00,14:28:34+02:00,10:28:34-02:00
12:28:34+00:00,18:21:34+5:53:00,14:28:34+02:00,10:28:34-02:00
12:28:34+00:00,18:21:34+5:53:00,14:28:34+02:00,10:28:34-02:00
12:28:34+00:00,18:21:34+5:53:00,14:28:34+02:00,10:28:34-02:00
12:28:34+00:00,18:21:34+5:53:00,14:28:34+02:00,10:28:34-02:00
12:28:35+00:00,18:21:35+5:53:00,14:28:35+02:00,10:28:35-02:00
12:28:35+00:00,18:21:35+5:53:00,14:28:35+02:00,10:28:35-02:00
12:28:35+00:00,18:21:35+5:53:00,14:28:35+02:00,10:28:35-02:00
12:28:35+00:00,18:21:35+5:53:00,14:28:35+02:00,10:28:35-02:00
12:28:35+00:00,18:21:35+5:53:00,14:28:35+02:00,10:28:35-02:00
12:28:35+00:00,18:21:35+5:53:00,14:28:35+02:00,10:28:35-02:00
12:28:35+00:00,18:21:35+5:53:00,14:28:35+02:00,10:28:35-02:00
12:28:36+00:00,18:21:36+5:53:00,14:28:36+02:00,10:28:36-02:00
12:28:36+00:00,18:21:36+5:53:00,14:28:36+02:00,10:28:36-02:00
12:28:36+00:00,18:21:36+5:53:00,14:28:36+02:00,10:28:36-02:00
12:28:36+00:00,18:21:36+5:53:00,14:28:36+02:00,10:28:36-02:00
12:28:36+00:00,18:21:36+5:53:00,14:28:36+02:00,10:28:36-02:00
12:28:36+00:00,18:21:36+5:53:00,14:28:36+02:00,10:28:36-02:00
12:28:36+00:00,18:21:36+5:53:00,14:28:36+02:00,10:28:36-02:00
12:28:37+00:00,18:21:37+5:53:00,14:28:37+02:00,10:28:37-02:00
12:28:37+00:00,18:21:37+5:53:00,14:28:37+02:00,10:28:37-02:00
12:28:37+00:00,18:21:37+5:53:00,14:28:37+02:00,10:28:37-02:00
12:28:37+00:00,18:21:37+5:53:00,14:28:37+02:00,10:28:37-02:00
12:28:37+00:00,18:21:37+5:53:00,14:28:37+02:00,10:28:37-02:00
12:28:37+00:00,18:21:37+5:53:00,14:28:37+02:00,10:28:37-02:00
12:28:37+00:00,18:21:37+5:53:00,14:28:37+02:00,10:28:37-02:00
12:28:37+00:00,18:21:37+5:53:00,14:28:37+02:00,10:28:37-02:00
12:28:37+00:00,18:21:37+5:53:00,14:28:37+02:00,10:28:37-02:00
12:28:37+00:00,18:21:37+5:53:00,14:28:37+02:00,10:28:37-02:00
12:28:37+00:00,18:21:37+5:53:00,14:28:37+02:00,10:28:37-02:00
12:28:37+00:00,18:21:37+5:53:00,14:28:37+02:00,10:28:37-02:00
12:28:38+00:00,18:21:38+5:53:00,14:28:38+02:00,10:28:38-02:00
12:28:38+00:00,18:21:38+5:53:00,14:28:38+02:00,10:28:38-02:00
12:28:38+00:00,18:21:38+5:53:00,14:28:38+02:00,10:28:38-02:00
12:28:38+00:00,18:21:38+5:53:00,14:28:38+02:00,10:28:38-02:00
12:28:38+00:00,18:21:38+5:53:00,14:28:38+02:00,10:28:38-02:00
12:28:38+00:00,18:21:38+5:53:00,14:28:38+02:00,10:28:38-02:00
12:28:38+00:00,18:21:38+5:53:00,14:28:38+02:00,10:28:38-02:00
12:28:38+00:00,18:21:38+5:53:00,14:28:38+02:00,10:28:38-02:00
12:28:38+00:00,18:21:38+5:53:00,14:28:38+02:00,10:28:38-02:00
12:28:38+00:00,18:21:38+5:53:00,14:28:38+02:00,10:28:38-02:00
12:28:38+00:00,18:21:38+5:53:00,14:28:38+02:00,10:28:38-02:00
12:28:38+00:00,18:21:38+5:53:00,14:28:38+02:00,10:28:38-02:00
12:28:38+00:00,18:21:38+5:53:00,14:28:38+02:00,10:28:38-02:00
12:28:38+00:00,18:21:38+5:53:00,14:28:38+02:00,10:28:38-02:00
12:28:39+00:00,18:21:39+5:53:00,14:28:39+02:00,10:28:39-02:00
12:28:39+00:00,18:21:39+5:53:00,14:28:39+02:00,10:28:39-02:00
12:28:39+00:00,18:21:39+5:53:00,14:28:39+02:00,10:28:39-02:00
12:28:39+00:00,18:21:39+5:53:00,14:28:39+02:00,10:28:39-02:00
12:28:39+00:00,18:21:39+5:53:00,14:28:39+02:00,10:28:39-02:00
12:28:39+00:00,18:21:39+5:53:00,14:28:39+02:00,10:28:39-02:00
12:28:39+00:00,18:21:39+5:53:00,14:28:39+02:00,10:28:39-02:00
12:28:39+00:00,18:21:39+5:53:00,14:28:39+02:00,10:28:39-02:00
12:28:39+00:00,18:21:39+5:53:00,14:28:39+02:00,10:28:39-02:00
12:28:39+00:00,18:21:39+5:53:00,14:28:39+02:00,10:28:39-02:00
12:28:39+00:00,18:21:39+5:53:00,14:28:39+02:00,10:28:39-02:00
12:28:39+00:00,18:21:39+5:53:00,14:28:39+02:00,10:28:39-02:00
12:28:40+00:00,18:21:40+5:53:00,14:28:40+02:00,10:28:40-02:00
12:28:40+00:00,18:21:40+5:53:00,14:28:40+02:00,10:28:40-02:00
12:28:40+00:00,18:21:40+5:53:00,14:28:40+02:00,10:28:40-02:00
12:28:40+00:00,18:21:40+5:53:00,14:28:40+02:00,10:28:40-02:00
12:28:40+00:00,18:21:40+5:53:00,14:28:40+02:00,10:28:40-02:00
12:28:40+00:00,18:21:40+5:53:00,14:28:40+02:00,10:28:40-02:00
12:28:40+00:00,18:21:40+5:53:00,14:28:40+02:00,10:28:40-02:00
12:28:40+00:00,18:21:40+5:53:00,14:28:40+02:00,10:28:40-02:00
12:28:41+00:00,18:21:41+5:53:00,14:28:41+02:00,10:28:41-02:00
12:28:41+00:00,18:21:41+5:53:00,14:28:41+02:00,10:28:41-02:00
12:28:41+00:00,18:21:41+5:53:00,14:28:41+02:00,10:28:41-02:00
12:28:41+00:00,18:21:41+5:53:00,14:28:41+02:00,10:28:41-02:00
12:28:41+00:00,18:21:41+5:53:00,14:28:41+02:00,10:28:41-02:00
12:28:41+00:00,18:21:41+5:53:00,14:28:41+02:00,10:28:41-02:00
12:28:41+00:00,18:21:41+5:53:00,14:28:41+02:00,10:28:41-02:00
12:28:41+00:00,18:21:41+5:53:00,14:28:41+02:00,10:28:41-02:00
12:28:41+00:00,18:21:41+5:53:00,14:28:41+02:00,10:28:41-02:00
12:28:41+00:00,18:21:41+5:53:00,14:28:41+02:00,10:28:41-02:00
12:28:42+00:00,18:21:42+5:53:00,14:28:42+02:00,10:28:42-02:00
12:28:42+00:00,18:21:42+5:53:00,14:28:42+02:00,10:28:42-02:00
12:28:42+00:00,18:21:42+5:53:00,14:28:42+02:00,10:28:42-02:00
12:28:42+00:00,18:21:42+5:53:00,14:28:42+02:00,10:28:42-02:00
12:28:42+00:00,18:21:42+5:53:00,14:28:42+02:00,10:28:42-02:00
12:28:42+00:00,18:21:42+5:53:00,14:28:42+02:00,10:28:42-02:00
12:28:42+00:00,18:21:42+5:53:00,14:28:42+02:00,10:28:42-02:00
12:28:42+00:00,18:21:42+5:53:00,14:28:42+02:00,10:28:42-02:00
12:28:42+00:00,18:21:42+5:53:00,14:28:42+02:00,10:28:42-02:00
12:28:43+00:00,18:21:43+5:53:00,14:28:43+02:00,10:28:43-02:00
12:28:43+00:00,18:21:43+5:53:00,14:28:43+02:00,10:28:43-02:00
12:28:43+00:00,18:21:43+5:53:00,14:28:43+02:00,10:28:43-02:00
12:28:43+00:00,18:21:43+5:53:00,14:28:43+02:00,10:28:43-02:00
12:28:43+00:00,18:21:43+5:53:00,14:28:43+02:00,10:28:43-02:00
12:28:43+00:00,18:21:43+5:53:00,14:28:43+02:00,10:28:43-02:00
12:28:44+00:00,18:21:44+5:53:00,14:28:44+02:00,10:28:44-02:00
12:28:44+00:00,18:21:44+5:53:00,14:28:44+02:00,10:28:44-02:00
12:28:44+00:00,18:21:44+5:53:00,14:28:44+02:00,10:28:44-02:00
12:28:44+00:00,18:21:44+5:53:00,14:28:44+02:00,10:28:44-02:00
12:28:44+00:00,18:21:44+5:53:00,14:28:44+02:00,10:28:44-02:00
12:28:44+00:00,18:21:44+5:53:00,14:28:44+02:00,10:28:44-02:00
12:28:45+00:00,18:21:45+5:53:00,14:28:45+02:00,10:28:45-02:00
12:28:45+00:00,18:21:45+5:53:00,14:28:45+02:00,10:28:45-02:00
12:28:45+00:00,18:21:45+5:53:00,14:28:45+02:00,10:28:45-02:00
12:28:45+00:00,18:21:45+5:53:00,14:28:45+02:00,10:28:45-02:00
12:28:45+00:00,18:21:45+5:53:00,14:28:45+02:00,10:28:45-02:00
12:28:45+00:00,18:21:45+5:53:00,14:28:45+02:00,10:28:45-02:00
12:28:45+00:00,18:21:45+5:53:00,14:28:45+02:00,10:28:45-02:00
12:28:46+00:00,18:21:46+5:53:00,14:28:46+02:00,10:28:46-02:00
12:28:46+00:00,18:21:46+5:53:00,14:28:46+02:00,10:28:46-02:00
12:28:46+00:00,18:21:46+5:53:00,14:28:46+02:00,10:28:46-02:00
12:28:46+00:00,18:21:46+5:53:00,14:28:46+02:00,10:28:46-02:00
12:28:46+00:00,18:21:46+5:53:00,14:28:46+02:00,10:28:46-02:00
12:28:47+00:00,18:21:47+5:53:00,14:28:47+02:00,10:28:47-02:00
12:28:47+00:00,18:21:47+5:53:00,14:28:47+02:00,10:28:47-02:00
12:28:47+00:00,18:21:47+5:53:00,14:28:47+02:00,10:28:47-02:00
12:28:47+00:00,18:21:47+5:53:00,14:28:47+02:00,10:28:47-02:00
12:28:47+00:00,18:21:47+5:53:00,14:28:47+02:00,10:28:47-02:00
12:28:47+00:00,18:21:47+5:53:00,14:28:47+02:00,10:28:47-02:00
12:28:47+00:00,18:21:47+5:53:00,14:28:47+02:00,10:28:47-02:00
12:28:48+00:00,18:21:48+5:53:00,14:28:48+02:00,10:28:48-02:00
12:28:48+00:00,18:21:48+5:53:00,14:28:48+02:00,10:28:48-02:00
12:28:48+00:00,18:21:48+5:53:00,14:28:48+02:00,10:28:48-02:00
12:28:48+00:00,18:21:48+5:53:00,14:28:48+02:00,10:28:48-02:00
12:28:48+00:00,18:21:48+5:53:00,14:28:48+02:00,10:28:48-02:00
12:28:48+00:00,18:21:48+5:53:00,14:28:48+02:00,10:28:48-02:00
12:28:48+00:00,18:21:48+5:53:00,14:28:48+02:00,10:28:48-02:00
12:28:48+00:00,18:21:48+5:53:00,14:28:48+02:00,10:28:48-02:00
12:28:48+00:00,18:21:48+5:53:00,14:28:48+02:00,10:28:48-02:00
12:28:48+00:00,18:21:48+5:53:00,14:28:48+02:00,10:28:48-02:00
12:28:49+00:00,18:21:49+5:53:00,14:28:49+02:00,10:28:49-02:00
12:28:49+00:00,18:21:49+5:53:00,14:28:49+02:00,10:28:49-02:00
12:28:49+00:00,18:21:49+5:53:00,14:28:49+02:00,10:28:49-02:00
12:28:49+00:00,18:21:49+5:53:00,14:28:49+02:00,10:28:49-02:00
12:28:49+00:00,18:21:49+5:53:00,14:28:49+02:00,10:28:49-02:00
12:28:50+00:00,18:21:50+5:53:00,14:28:50+02:00,10:28:50-02:00
12:28:50+00:00,18:21:50+5:53:00,14:28:50+02:00,10:28:50-02:00
12:28:50+00:00,18:21:50+5:53:00,14:28:50+02:00,10:28:50-02:00
12:28:50+00:00,18:21:50+5:53:00,14:28:50+02:00,10:28:50-02:00
12:28:50+00:00,18:21:50+5:53:00,14:28:50+02:00,10:28:50-02:00
12:28:50+00:00,18:21:50+5:53:00,14:28:50+02:00,10:28:50-02:00
12:28:50+00:00,18:21:50+5:53:00,14:28:50+02:00,10:28:50-02:00
12:28:50+00:00,18:21:50+5:53:00,14:28:50+02:00,10:28:50-02:00
12:28:50+00:00,18:21:50+5:53:00,14:28:50+02:00,10:28:50-02:00
12:28:50+00:00,18:21:50+5:53:00,14:28:50+02:00,10:28:50-02:00
12:28:51+00:00,18:21:51+5:53:00,14:28:51+02:00,10:28:51-02:00
12:28:51+00:00,18:21:51+5:53:00,14:28:51+02:00,10:28:51-02:00
12:28:51+00:00,18:21:51+5:53:00,14:28:51+02:00,10:28:51-02:00
12:28:52+00:00,18:21:52+5:53:00,14:28:52+02:00,10:28:52-02:00
12:28:52+00:00,18:21:52+5:53:00,14:28:52+02:00,10:28:52-02:00
12:28:52+00:00,18:21:52+5:53:00,14:28:52+02:00,10:28:52-02:00
12:28:52+00:00,18:21:52+5:53:00,14:28:52+02:00,10:28:52-02:00
12:28:52+00:00,18:21:52+5:53:00,14:28:52+02:00,10:28:52-02:00
12:28:52+00:00,18:21:52+5:53:00,14:28:52+02:00,10:28:52-02:00
12:28:52+00:00,18:21:52+5:53:00,14:28:52+02:00,10:28:52-02:00
12:28:53+00:00,18:21:53+5:53:00,14:28:53+02:00,10:28:53-02:00
12:28:53+00:00,18:21:53+5:53:00,14:28:53+02:00,10:28:53-02:00
12:28:53+00:00,18:21:53+5:53:00,14:28:53+02:00,10:28:53-02:00
12:28:53+00:00,18:21:53+5:53:00,14:28:53+02:00,10:28:53-02:00
12:28:53+00:00,18:21:53+5:53:00,14:28:53+02:00,10:28:53-02:00
12:28:53+00:00,18:21:53+5:53:00,14:28:53+02:00,10:28:53-02:00
12:28:53+00:00,18:21:53+5:53:00,14:28:53+02:00,10:28:53-02:00
12:28:53+00:00,18:21:53+5:53:00,14:28:53+02:00,10:28:53-02:00
12:28:53+00:00,18:21:53+5:53:00,14:28:53+02:00,10:28:53-02:00
12:28:53+00:00,18:21:53+5:53:00,14:28:53+02:00,10:28:53-02:00
12:28:54+00:00,18:21:54+5:53:00,14:28:54+02:00,10:28:54-02:00
12:28:54+00:00,18:21:54+5:53:00,14:28:54+02:00,10:28:54-02:00
12:28:54+00:00,18:21:54+5:53:00,14:28:54+02:00,10:28:54-02:00
12:28:54+00:00,18:21:54+5:53:00,14:28:54+02:00,10:28:54-02:00
12:28:54+00:00,18:21:54+5:53:00,14:28:54+02:00,10:28:54-02:00
12:28:54+00:00,18:21:54+5:53:00,14:28:54+02:00,10:28:54-02:00
12:28:54+00:00,18:21:54+5:53:00,14:28:54+02:00,10:28:54-02:00
12:28:54+00:00,18:21:54+5:53:00,14:28:54+02:00,10:28:54-02:00
12:28:55+00:00,18:21:55+5:53:00,14:28:55+02:00,10:28:55-02:00
12:28:55+00:00,18:21:55+5:53:00,14:28:55+02:00,10:28:55-02:00
12:28:55+00:00,18:21:55+5:53:00,14:28:55+02:00,10:28:55-02:00
12:28:55+00:00,18:21:55+5:53:00,14:28:55+02:00,10:28:55-02:00
12:28:55+00:00,18:21:55+5:53:00,14:28:55+02:00,10:28:55-02:00
12:28:55+00:00,18:21:55+5:53:00,14:28:55+02:00,10:28:55-02:00
12:28:55+00:00,18:21:55+5:53:00,14:28:55+02:00,10:28:55-02:00
12:28:55+00:00,18:21:55+5:53:00,14:28:55+02:00,10:28:55-02:00
12:28:55+00:00,18:21:55+5:53:00,14:28:55+02:00,10:28:55-02:00
12:28:55+00:00,18:21:55+5:53:00,14:28:55+02:00,10:28:55-02:00
12:28:56+00:00,18:21:56+5:53:00,14:28:56+02:00,10:28:56-02:00
12:28:56+00:00,18:21:56+5:53:00,14:28:56+02:00,10:28:56-02:00
12:28:56+00:00,18:21:56+5:53:00,14:28:56+02:00,10:28:56-02:00
12:28:57+00:00,18:21:57+5:53:00,14:28:57+02:00,10:28:57-02:00
12:28:57+00:00,18:21:57+5:53:00,14:28:57+02:00,10:28:57-02:00
12:28:57+00:00,18:21:57+5:53:00,14:28:57+02:00,10:28:57-02:00
12:28:57+00:00,18:21:57+5:53:00,14:28:57+02:00,10:28:57-02:00
12:28:57+00:00,18:21:57+5:53:00,14:28:57+02:00,10:28:57-02:00
12:28:58+00:00,18:21:58+5:53:00,14:28:58+02:00,10:28:58-02:00
12:28:59+00:00,18:21:59+5:53:00,14:28:59+02:00,10:28:59-02:00
12:28:59+00:00,18:21:59+5:53:00,14:28:59+02:00,10:28:59-02:00
12:29:00+00:00,18:22:00+5:53:00,14:29:00+02:00,10:29:00-02:00
12:29:00+00:00,18:22:00+5:53:00,14:29:00+02:00,10:29:00-02:00
12:29:00+00:00,18:22:00+5:53:00,14:29:00+02:00,10:29:00-02:00
12:29:00+00:00,18:22:00+5:53:00,14:29:00+02:00,10:29:00-02:00
12:29:00+00:00,18:22:00+5:53:00,14:29:00+02:00,10:29:00-02:00
12:29:00+00:00,18:22:00+5:53:00,14:29:00+02:00,10:29:00-02:00
12:29:00+00:00,18:22:00+5:53:00,14:29:00+02:00,10:29:00-02:00
12:29:00+00:00,18:22:00+5:53:00,14:29:00+02:00,10:29:00-02:00
12:29:00+00:00,18:22:00+5:53:00,14:29:00+02:00,10:29:00-02:00
12:29:00+00:00,18:22:00+5:53:00,14:29:00+02:00,10:29:00-02:00
12:29:01+00:00,18:22:01+5:53:00,14:29:01+02:00,10:29:01-02:00
12:29:01+00:00,18:22:01+5:53:00,14:29:01+02:00,10:29:01-02:00
12:29:01+00:00,18:22:01+5:53:00,14:29:01+02:00,10:29:01-02:00
12:29:01+00:00,18:22:01+5:53:00,14:29:01+02:00,10:29:01-02:00
12:29:01+00:00,18:22:01+5:53:00,14:29:01+02:00,10:29:01-02:00
12:29:02+00:00,18:22:02+5:53:00,14:29:02+02:00,10:29:02-02:00
12:29:02+00:00,18:22:02+5:53:00,14:29:02+02:00,10:29:02-02:00
12:29:02+00:00,18:22:02+5:53:00,14:29:02+02:00,10:29:02-02:00
12:29:02+00:00,18:22:02+5:53:00,14:29:02+02:00,10:29:02-02:00
12:29:02+00:00,18:22:02+5:53:00,14:29:02+02:00,10:29:02-02:00
12:29:03+00:00,18:22:03+5:53:00,14:29:03+02:00,10:29:03-02:00
12:29:03+00:00,18:22:03+5:53:00,14:29:03+02:00,10:29:03-02:00
12:29:03+00:00,18:22:03+5:53:00,14:29:03+02:00,10:29:03-02:00
12:29:03+00:00,18:22:03+5:53:00,14:29:03+02:00,10:29:03-02:00
12:29:03+00:00,18:22:03+5:53:00,14:29:03+02:00,10:29:03-02:00
12:29:03+00:00,18:22:03+5:53:00,14:29:03+02:00,10:29:03-02:00
12:29:03+00:00,18:22:03+5:53:00,14:29:03+02:00,10:29:03-02:00
12:29:03+00:00,18:22:03+5:53:00,14:29:03+02:00,10:29:03-02:00
12:29:04+00:00,18:22:04+5:53:00,14:29:04+02:00,10:29:04-02:00
12:29:04+00:00,18:22:04+5:53:00,14:29:04+02:00,10:29:04-02:00
12:29:04+00:00,18:22:04+5:53:00,14:29:04+02:00,10:29:04-02:00
12:29:04+00:00,18:22:04+5:53:00,14:29:04+02:00,10:29:04-02:00
12:29:04+00:00,18:22:04+5:53:00,14:29:04+02:00,10:29:04-02:00
12:29:04+00:00,18:22:04+5:53:00,14:29:04+02:00,10:29:04-02:00
12:29:04+00:00,18:22:04+5:53:00,14:29:04+02:00,10:29:04-02:00
12:29:04+00:00,18:22:04+5:53:00,14:29:04+02:00,10:29:04-02:00
12:29:04+00:00,18:22:04+5:53:00,14:29:04+02:00,10:29:04-02:00
12:29:04+00:00,18:22:04+5:53:00,14:29:04+02:00,10:29:04-02:00
12:29:04+00:00,18:22:04+5:53:00,14:29:04+02:00,10:29:04-02:00
12:29:04+00:00,18:22:04+5:53:00,14:29:04+02:00,10:29:04-02:00
12:29:05+00:00,18:22:05+5:53:00,14:29:05+02:00,10:29:05-02:00
12:29:05+00:00,18:22:05+5:53:00,14:29:05+02:00,10:29:05-02:00
12:29:05+00:00,18:22:05+5:53:00,14:29:05+02:00,10:29:05-02:00
12:29:05+00:00,18:22:05+5:53:00,14:29:05+02:00,10:29:05-02:00
12:29:05+00:00,18:22:05+5:53:00,14:29:05+02:00,10:29:05-02:00
12:29:05+00:00,18:22:05+5:53:00,14:29:05+02:00,10:29:05-02:00
12:29:05+00:00,18:22:05+5:53:00,14:29:05+02:00,10:29:05-02:00
12:29:06+00:00,18:22:06+5:53:00,14:29:06+02:00,10:29:06-02:00
12:29:06+00:00,18:22:06+5:53:00,14:29:06+02:00,10:29:06-02:00
12:29:06+00:00,18:22:06+5:53:00,14:29:06+02:00,10:29:06-02:00
12:29:06+00:00,18:22:06+5:53:00,14:29:06+02:00,10:29:06-02:00
12:29:06+00:00,18:22:06+5:53:00,14:29:06+02:00,10:29:06-02:00
12:29:06+00:00,18:22:06+5:53:00,14:29:06+02:00,10:29:06-02:00
12:29:07+00:00,18:22:07+5:53:00,14:29:07+02:00,10:29:07-02:00
12:29:07+00:00,18:22:07+5:53:00,14:29:07+02:00,10:29:07-02:00
12:29:07+00:00,18:22:07+5:53:00,14:29:07+02:00,10:29:07-02:00
12:29:07+00:00,18:22:07+5:53:00,14:29:07+02:00,10:29:07-02:00
12:29:08+00:00,18:22:08+5:53:00,14:29:08+02:00,10:29:08-02:00
12:29:08+00:00,18:22:08+5:53:00,14:29:08+02:00,10:29:08-02:00
12:29:08+00:00,18:22:08+5:53:00,14:29:08+02:00,10:29:08-02:00
12:29:08+00:00,18:22:08+5:53:00,14:29:08+02:00,10:29:08-02:00
12:29:08+00:00,18:22:08+5:53:00,14:29:08+02:00,10:29:08-02:00
12:29:08+00:00,18:22:08+5:53:00,14:29:08+02:00,10:29:08-02:00
12:29:08+00:00,18:22:08+5:53:00,14:29:08+02:00,10:29:08-02:00
12:29:08+00:00,18:22:08+5:53:00,14:29:08+02:00,10:29:08-02:00
12:29:08+00:00,18:22:08+5:53:00,14:29:08+02:00,10:29:08-02:00
12:29:09+00:00,18:22:09+5:53:00,14:29:09+02:00,10:29:09-02:00
12:29:09+00:00,18:22:09+5:53:00,14:29:09+02:00,10:29:09-02:00
12:29:09+00:00,18:22:09+5:53:00,14:29:09+02:00,10:29:09-02:00
12:29:09+00:00,18:22:09+5:53:00,14:29:09+02:00,10:29:09-02:00
12:29:09+00:00,18:22:09+5:53:00,14:29:09+02:00,10:29:09-02:00
12:29:09+00:00,18:22:09+5:53:00,14:29:09+02:00,10:29:09-02:00
12:29:09+00:00,18:22:09+5:53:00,14:29:09+02:00,10:29:09-02:00
12:29:09+00:00,18:22:09+5:53:00,14:29:09+02:00,10:29:09-02:00
12:29:09+00:00,18:22:09+5:53:00,14:29:09+02:00,10:29:09-02:00
12:29:09+00:00,18:22:09+5:53:00,14:29:09+02:00,10:29:09-02:00
12:29:09+00:00,18:22:09+5:53:00,14:29:09+02:00,10:29:09-02:00
12:29:09+00:00,18:22:09+5:53:00,14:29:09+02:00,10:29:09-02:00
12:29:09+00:00,18:22:09+5:53:00,14:29:09+02:00,10:29:09-02:00
12:29:09+00:00,18:22:09+5:53:00,14:29:09+02:00,10:29:09-02:00
12:29:09+00:00,18:22:09+5:53:00,14:29:09+02:00,10:29:09-02:00
12:29:10+00:00,18:22:10+5:53:00,14:29:10+02:00,10:29:10-02:00
12:29:10+00:00,18:22:10+5:53:00,14:29:10+02:00,10:29:10-02:00
12:29:10+00:00,18:22:10+5:53:00,14:29:10+02:00,10:29:10-02:00
12:29:10+00:00,18:22:10+5:53:00,14:29:10+02:00,10:29:10-02:00
12:29:10+00:00,18:22:10+5:53:00,14:29:10+02:00,10:29:10-02:00
12:29:10+00:00,18:22:10+5:53:00,14:29:10+02:00,10:29:10-02:00
12:29:11+00:00,18:22:11+5:53:00,14:29:11+02:00,10:29:11-02:00
12:29:11+00:00,18:22:11+5:53:00,14:29:11+02:00,10:29:11-02:00
12:29:11+00:00,18:22:11+5:53:00,14:29:11+02:00,10:29:11-02:00
12:29:11+00:00,18:22:11+5:53:00,14:29:11+02:00,10:29:11-02:00
12:29:11+00:00,18:22:11+5:53:00,14:29:11+02:00,10:29:11-02:00
12:29:12+00:00,18:22:12+5:53:00,14:29:12+02:00,10:29:12-02:00
12:29:12+00:00,18:22:12+5:53:00,14:29:12+02:00,10:29:12-02:00
12:29:12+00:00,18:22:12+5:53:00,14:29:12+02:00,10:29:12-02:00
12:29:12+00:00,18:22:12+5:53:00,14:29:12+02:00,10:29:12-02:00
12:29:13+00:00,18:22:13+5:53:00,14:29:13+02:00,10:29:13-02:00
12:29:13+00:00,18:22:13+5:53:00,14:29:13+02:00,10:29:13-02:00
12:29:13+00:00,18:22:13+5:53:00,14:29:13+02:00,10:29:13-02:00
12:29:13+00:00,18:22:13+5:53:00,14:29:13+02:00,10:29:13-02:00
12:29:13+00:00,18:22:13+5:53:00,14:29:13+02:00,10:29:13-02:00
12:29:13+00:00,18:22:13+5:53:00,14:29:13+02:00,10:29:13-02:00
12:29:13+00:00,18:22:13+5:53:00,14:29:13+02:00,10:29:13-02:00
12:29:13+00:00,18:22:13+5:53:00,14:29:13+02:00,10:29:13-02:00
12:29:13+00:00,18:22:13+5:53:00,14:29:13+02:00,10:29:13-02:00
12:29:13+00:00,18:22:13+5:53:00,14:29:13+02:00,10:29:13-02:00
12:29:13+00:00,18:22:13+5:53:00,14:29:13+02:00,10:29:13-02:00
12:29:14+00:00,18:22:14+5:53:00,14:29:14+02:00,10:29:14-02:00
12:29:14+00:00,18:22:14+5:53:00,14:29:14+02:00,10:29:14-02:00
12:29:14+00:00,18:22:14+5:53:00,14:29:14+02:00,10:29:14-02:00
12:29:14+00:00,18:22:14+5:53:00,14:29:14+02:00,10:29:14-02:00
12:29:14+00:00,18:22:14+5:53:00,14:29:14+02:00,10:29:14-02:00
12:29:14+00:00,18:22:14+5:53:00,14:29:14+02:00,10:29:14-02:00
12:29:14+00:00,18:22:14+5:53:00,14:29:14+02:00,10:29:14-02:00
12:29:15+00:00,18:22:15+5:53:00,14:29:15+02:00,10:29:15-02:00
12:29:15+00:00,18:22:15+5:53:00,14:29:15+02:00,10:29:15-02:00
12:29:15+00:00,18:22:15+5:53:00,14:29:15+02:00,10:29:15-02:00
12:29:15+00:00,18:22:15+5:53:00,14:29:15+02:00,10:29:15-02:00
12:29:15+00:00,18:22:15+5:53:00,14:29:15+02:00,10:29:15-02:00
12:29:15+00:00,18:22:15+5:53:00,14:29:15+02:00,10:29:15-02:00
12:29:15+00:00,18:22:15+5:53:00,14:29:15+02:00,10:29:15-02:00
12:29:16+00:00,18:22:16+5:53:00,14:29:16+02:00,10:29:16-02:00
12:29:16+00:00,18:22:16+5:53:00,14:29:16+02:00,10:29:16-02:00
12:29:16+00:00,18:22:16+5:53:00,14:29:16+02:00,10:29:16-02:00
12:29:16+00:00,18:22:16+5:53:00,14:29:16+02:00,10:29:16-02:00
12:29:16+00:00,18:22:16+5:53:00,14:29:16+02:00,10:29:16-02:00
12:29:16+00:00,18:22:16+5:53:00,14:29:16+02:00,10:29:16-02:00
12:29:16+00:00,18:22:16+5:53:00,14:29:16+02:00,10:29:16-02:00
12:29:16+00:00,18:22:16+5:53:00,14:29:16+02:00,10:29:16-02:00
12:29:16+00:00,18:22:16+5:53:00,14:29:16+02:00,10:29:16-02:00
12:29:17+00:00,18:22:17+5:53:00,14:29:17+02:00,10:29:17-02:00
12:29:17+00:00,18:22:17+5:53:00,14:29:17+02:00,10:29:17-02:00
12:29:17+00:00,18:22:17+5:53:00,14:29:17+02:00,10:29:17-02:00
12:29:17+00:00,18:22:17+5:53:00,14:29:17+02:00,10:29:17-02:00
12:29:17+00:00,18:22:17+5:53:00,14:29:17+02:00,10:29:17-02:00
12:29:17+00:00,18:22:17+5:53:00,14:29:17+02:00,10:29:17-02:00
12:29:17+00:00,18:22:17+5:53:00,14:29:17+02:00,10:29:17-02:00
12:29:17+00:00,18:22:17+5:53:00,14:29:17+02:00,10:29:17-02:00
12:29:17+00:00,18:22:17+5:53:00,14:29:17+02:00,10:29:17-02:00
12:29:17+00:00,18:22:17+5:53:00,14:29:17+02:00,10:29:17-02:00
12:29:18+00:00,18:22:18+5:53:00,14:29:18+02:00,10:29:18-02:00
12:29:18+00:00,18:22:18+5:53:00,14:29:18+02:00,10:29:18-02:00
12:29:18+00:00,18:22:18+5:53:00,14:29:18+02:00,10:29:18-02:00
12:29:18+00:00,18:22:18+5:53:00,14:29:18+02:00,10:29:18-02:00
12:29:18+00:00,18:22:18+5:53:00,14:29:18+02:00,10:29:18-02:00
12:29:18+00:00,18:22:18+5:53:00,14:29:18+02:00,10:29:18-02:00
12:29:18+00:00,18:22:18+5:53:00,14:29:18+02:00,10:29:18-02:00
12:29:18+00:00,18:22:18+5:53:00,14:29:18+02:00,10:29:18-02:00
12:29:18+00:00,18:22:18+5:53:00,14:29:18+02:00,10:29:18-02:00
12:29:18+00:00,18:22:18+5:53:00,14:29:18+02:00,10:29:18-02:00
12:29:18+00:00,18:22:18+5:53:00,14:29:18+02:00,10:29:18-02:00
12:29:18+00:00,18:22:18+5:53:00,14:29:18+02:00,10:29:18-02:00
12:29:18+00:00,18:22:18+5:53:00,14:29:18+02:00,10:29:18-02:00
12:29:18+00:00,18:22:18+5:53:00,14:29:18+02:00,10:29:18-02:00
12:29:19+00:00,18:22:19+5:53:00,14:29:19+02:00,10:29:19-02:00
12:29:19+00:00,18:22:19+5:53:00,14:29:19+02:00,10:29:19-02:00
12:29:19+00:00,18:22:19+5:53:00,14:29:19+02:00,10:29:19-02:00
12:29:19+00:00,18:22:19+5:53:00,14:29:19+02:00,10:29:19-02:00
12:29:19+00:00,18:22:19+5:53:00,14:29:19+02:00,10:29:19-02:00
12:29:19+00:00,18:22:19+5:53:00,14:29:19+02:00,10:29:19-02:00
12:29:19+00:00,18:22:19+5:53:00,14:29:19+02:00,10:29:19-02:00
12:29:19+00:00,18:22:19+5:53:00,14:29:19+02:00,10:29:19-02:00
12:29:19+00:00,18:22:19+5:53:00,14:29:19+02:00,10:29:19-02:00
12:29:19+00:00,18:22:19+5:53:00,14:29:19+02:00,10:29:19-02:00
12:29:19+00:00,18:22:19+5:53:00,14:29:19+02:00,10:29:19-02:00
12:29:19+00:00,18:22:19+5:53:00,14:29:19+02:00,10:29:19-02:00
12:29:19+00:00,18:22:19+5:53:00,14:29:19+02:00,10:29:19-02:00
12:29:20+00:00,18:22:20+5:53:00,14:29:20+02:00,10:29:20-02:00
12:29:20+00:00,18:22:20+5:53:00,14:29:20+02:00,10:29:20-02:00
12:29:20+00:00,18:22:20+5:53:00,14:29:20+02:00,10:29:20-02:00
12:29:20+00:00,18:22:20+5:53:00,14:29:20+02:00,10:29:20-02:00
12:29:20+00:00,18:22:20+5:53:00,14:29:20+02:00,10:29:20-02:00
12:29:20+00:00,18:22:20+5:53:00,14:29:20+02:00,10:29:20-02:00
12:29:20+00:00,18:22:20+5:53:00,14:29:20+02:00,10:29:20-02:00
12:29:20+00:00,18:22:20+5:53:00,14:29:20+02:00,10:29:20-02:00
12:29:20+00:00,18:22:20+5:53:00,14:29:20+02:00,10:29:20-02:00
12:29:20+00:00,18:22:20+5:53:00,14:29:20+02:00,10:29:20-02:00
12:29:20+00:00,18:22:20+5:53:00,14:29:20+02:00,10:29:20-02:00
12:29:20+00:00,18:22:20+5:53:00,14:29:20+02:00,10:29:20-02:00
12:29:20+00:00,18:22:20+5:53:00,14:29:20+02:00,10:29:20-02:00
12:29:21+00:00,18:22:21+5:53:00,14:29:21+02:00,10:29:21-02:00
12:29:21+00:00,18:22:21+5:53:00,14:29:21+02:00,10:29:21-02:00
12:29:21+00:00,18:22:21+5:53:00,14:29:21+02:00,10:29:21-02:00
12:29:21+00:00,18:22:21+5:53:00,14:29:21+02:00,10:29:21-02:00
12:29:21+00:00,18:22:21+5:53:00,14:29:21+02:00,10:29:21-02:00
12:29:21+00:00,18:22:21+5:53:00,14:29:21+02:00,10:29:21-02:00
12:29:21+00:00,18:22:21+5:53:00,14:29:21+02:00,10:29:21-02:00
12:29:21+00:00,18:22:21+5:53:00,14:29:21+02:00,10:29:21-02:00
12:29:21+00:00,18:22:21+5:53:00,14:29:21+02:00,10:29:21-02:00
12:29:21+00:00,18:22:21+5:53:00,14:29:21+02:00,10:29:21-02:00
12:29:21+00:00,18:22:21+5:53:00,14:29:21+02:00,10:29:21-02:00
12:29:21+00:00,18:22:21+5:53:00,14:29:21+02:00,10:29:21-02:00
12:29:21+00:00,18:22:21+5:53:00,14:29:21+02:00,10:29:21-02:00
12:29:22+00:00,18:22:22+5:53:00,14:29:22+02:00,10:29:22-02:00
12:29:22+00:00,18:22:22+5:53:00,14:29:22+02:00,10:29:22-02:00
12:29:22+00:00,18:22:22+5:53:00,14:29:22+02:00,10:29:22-02:00
12:29:22+00:00,18:22:22+5:53:00,14:29:22+02:00,10:29:22-02:00
12:29:22+00:00,18:22:22+5:53:00,14:29:22+02:00,10:29:22-02:00
12:29:22+00:00,18:22:22+5:53:00,14:29:22+02:00,10:29:22-02:00
12:29:22+00:00,18:22:22+5:53:00,14:29:22+02:00,10:29:22-02:00
12:29:22+00:00,18:22:22+5:53:00,14:29:22+02:00,10:29:22-02:00
12:29:22+00:00,18:22:22+5:53:00,14:29:22+02:00,10:29:22-02:00
12:29:22+00:00,18:22:22+5:53:00,14:29:22+02:00,10:29:22-02:00
12:29:22+00:00,18:22:22+5:53:00,14:29:22+02:00,10:29:22-02:00
12:29:23+00:00,18:22:23+5:53:00,14:29:23+02:00,10:29:23-02:00
12:29:23+00:00,18:22:23+5:53:00,14:29:23+02:00,10:29:23-02:00
12:29:23+00:00,18:22:23+5:53:00,14:29:23+02:00,10:29:23-02:00
12:29:23+00:00,18:22:23+5:53:00,14:29:23+02:00,10:29:23-02:00
12:29:23+00:00,18:22:23+5:53:00,14:29:23+02:00,10:29:23-02:00
12:29:23+00:00,18:22:23+5:53:00,14:29:23+02:00,10:29:23-02:00
12:29:23+00:00,18:22:23+5:53:00,14:29:23+02:00,10:29:23-02:00
12:29:23+00:00,18:22:23+5:53:00,14:29:23+02:00,10:29:23-02:00
12:29:24+00:00,18:22:24+5:53:00,14:29:24+02:00,10:29:24-02:00
12:29:24+00:00,18:22:24+5:53:00,14:29:24+02:00,10:29:24-02:00
12:29:24+00:00,18:22:24+5:53:00,14:29:24+02:00,10:29:24-02:00
12:29:24+00:00,18:22:24+5:53:00,14:29:24+02:00,10:29:24-02:00
12:29:24+00:00,18:22:24+5:53:00,14:29:24+02:00,10:29:24-02:00
12:29:24+00:00,18:22:24+5:53:00,14:29:24+02:00,10:29:24-02:00
12:29:24+00:00,18:22:24+5:53:00,14:29:24+02:00,10:29:24-02:00
12:29:24+00:00,18:22:24+5:53:00,14:29:24+02:00,10:29:24-02:00
12:29:24+00:00,18:22:24+5:53:00,14:29:24+02:00,10:29:24-02:00
12:29:24+00:00,18:22:24+5:53:00,14:29:24+02:00,10:29:24-02:00
12:29:24+00:00,18:22:24+5:53:00,14:29:24+02:00,10:29:24-02:00
12:29:24+00:00,18:22:24+5:53:00,14:29:24+02:00,10:29:24-02:00
12:29:24+00:00,18:22:24+5:53:00,14:29:24+02:00,10:29:24-02:00
12:29:24+00:00,18:22:24+5:53:00,14:29:24+02:00,10:29:24-02:00
12:29:24+00:00,18:22:24+5:53:00,14:29:24+02:00,10:29:24-02:00
12:29:25+00:00,18:22:25+5:53:00,14:29:25+02:00,10:29:25-02:00
12:29:25+00:00,18:22:25+5:53:00,14:29:25+02:00,10:29:25-02:00
12:29:25+00:00,18:22:25+5:53:00,14:29:25+02:00,10:29:25-02:00
12:29:25+00:00,18:22:25+5:53:00,14:29:25+02:00,10:29:25-02:00
12:29:25+00:00,18:22:25+5:53:00,14:29:25+02:00,10:29:25-02:00
12:29:25+00:00,18:22:25+5:53:00,14:29:25+02:00,10:29:25-02:00
12:29:25+00:00,18:22:25+5:53:00,14:29:25+02:00,10:29:25-02:00
12:29:25+00:00,18:22:25+5:53:00,14:29:25+02:00,10:29:25-02:00
12:29:25+00:00,18:22:25+5:53:00,14:29:25+02:00,10:29:25-02:00
12:29:25+00:00,18:22:25+5:53:00,14:29:25+02:00,10:29:25-02:00
12:29:25+00:00,18:22:25+5:53:00,14:29:25+02:00,10:29:25-02:00
12:29:25+00:00,18:22:25+5:53:00,14:29:25+02:00,10:29:25-02:00
12:29:25+00:00,18:22:25+5:53:00,14:29:25+02:00,10:29:25-02:00
12:29:26+00:00,18:22:26+5:53:00,14:29:26+02:00,10:29:26-02:00
12:29:26+00:00,18:22:26+5:53:00,14:29:26+02:00,10:29:26-02:00
12:29:26+00:00,18:22:26+5:53:00,14:29:26+02:00,10:29:26-02:00
12:29:26+00:00,18:22:26+5:53:00,14:29:26+02:00,10:29:26-02:00
12:29:26+00:00,18:22:26+5:53:00,14:29:26+02:00,10:29:26-02:00
12:29:26+00:00,18:22:26+5:53:00,14:29:26+02:00,10:29:26-02:00
12:29:26+00:00,18:22:26+5:53:00,14:29:26+02:00,10:29:26-02:00
12:29:26+00:00,18:22:26+5:53:00,14:29:26+02:00,10:29:26-02:00
12:29:26+00:00,18:22:26+5:53:00,14:29:26+02:00,10:29:26-02:00
12:29:26+00:00,18:22:26+5:53:00,14:29:26+02:00,10:29:26-02:00
12:29:26+00:00,18:22:26+5:53:00,14:29:26+02:00,10:29:26-02:00
12:29:26+00:00,18:22:26+5:53:00,14:29:26+02:00,10:29:26-02:00
12:29:26+00:00,18:22:26+5:53:00,14:29:26+02:00,10:29:26-02:00
12:29:26+00:00,18:22:26+5:53:00,14:29:26+02:00,10:29:26-02:00
12:29:26+00:00,18:22:26+5:53:00,14:29:26+02:00,10:29:26-02:00
12:29:26+00:00,18:22:26+5:53:00,14:29:26+02:00,10:29:26-02:00
12:29:27+00:00,18:22:27+5:53:00,14:29:27+02:00,10:29:27-02:00
12:29:27+00:00,18:22:27+5:53:00,14:29:27+02:00,10:29:27-02:00
12:29:27+00:00,18:22:27+5:53:00,14:29:27+02:00,10:29:27-02:00
12:29:27+00:00,18:22:27+5:53:00,14:29:27+02:00,10:29:27-02:00
12:29:27+00:00,18:22:27+5:53:00,14:29:27+02:00,10:29:27-02:00
12:29:27+00:00,18:22:27+5:53:00,14:29:27+02:00,10:29:27-02:00
12:29:27+00:00,18:22:27+5:53:00,14:29:27+02:00,10:29:27-02:00
12:29:28+00:00,18:22:28+5:53:00,14:29:28+02:00,10:29:28-02:00
12:29:28+00:00,18:22:28+5:53:00,14:29:28+02:00,10:29:28-02:00
12:29:28+00:00,18:22:28+5:53:00,14:29:28+02:00,10:29:28-02:00
12:29:28+00:00,18:22:28+5:53:00,14:29:28+02:00,10:29:28-02:00
12:29:28+00:00,18:22:28+5:53:00,14:29:28+02:00,10:29:28-02:00
12:29:29+00:00,18:22:29+5:53:00,14:29:29+02:00,10:29:29-02:00
12:29:29+00:00,18:22:29+5:53:00,14:29:29+02:00,10:29:29-02:00
12:29:29+00:00,18:22:29+5:53:00,14:29:29+02:00,10:29:29-02:00
12:29:29+00:00,18:22:29+5:53:00,14:29:29+02:00,10:29:29-02:00
12:29:30+00:00,18:22:30+5:53:00,14:29:30+02:00,10:29:30-02:00
12:29:30+00:00,18:22:30+5:53:00,14:29:30+02:00,10:29:30-02:00
12:29:30+00:00,18:22:30+5:53:00,14:29:30+02:00,10:29:30-02:00
12:29:30+00:00,18:22:30+5:53:00,14:29:30+02:00,10:29:30-02:00
12:29:30+00:00,18:22:30+5:53:00,14:29:30+02:00,10:29:30-02:00
12:29:30+00:00,18:22:30+5:53:00,14:29:30+02:00,10:29:30-02:00
12:29:30+00:00,18:22:30+5:53:00,14:29:30+02:00,10:29:30-02:00
12:29:31+00:00,18:22:31+5:53:00,14:29:31+02:00,10:29:31-02:00
12:29:32+00:00,18:22:32+5:53:00,14:29:32+02:00,10:29:32-02:00
12:29:32+00:00,18:22:32+5:53:00,14:29:32+02:00,10:29:32-02:00
12:29:32+00:00,18:22:32+5:53:00,14:29:32+02:00,10:29:32-02:00
12:29:32+00:00,18:22:32+5:53:00,14:29:32+02:00,10:29:32-02:00
12:29:32+00:00,18:22:32+5:53:00,14:29:32+02:00,10:29:32-02:00
12:29:32+00:00,18:22:32+5:53:00,14:29:32+02:00,10:29:32-02:00
12:29:32+00:00,18:22:32+5:53:00,14:29:32+02:00,10:29:32-02:00
12:29:32+00:00,18:22:32+5:53:00,14:29:32+02:00,10:29:32-02:00
12:29:32+00:00,18:22:32+5:53:00,14:29:32+02:00,10:29:32-02:00
12:29:32+00:00,18:22:32+5:53:00,14:29:32+02:00,10:29:32-02:00
12:29:32+00:00,18:22:32+5:53:00,14:29:32+02:00,10:29:32-02:00
12:29:32+00:00,18:22:32+5:53:00,14:29:32+02:00,10:29:32-02:00
12:29:33+00:00,18:22:33+5:53:00,14:29:33+02:00,10:29:33-02:00
12:29:33+00:00,18:22:33+5:53:00,14:29:33+02:00,10:29:33-02:00
12:29:33+00:00,18:22:33+5:53:00,14:29:33+02:00,10:29:33-02:00
12:29:33+00:00,18:22:33+5:53:00,14:29:33+02:00,10:29:33-02:00
12:29:33+00:00,18:22:33+5:53:00,14:29:33+02:00,10:29:33-02:00
12:29:33+00:00,18:22:33+5:53:00,14:29:33+02:00,10:29:33-02:00
12:29:33+00:00,18:22:33+5:53:00,14:29:33+02:00,10:29:33-02:00
12:29:33+00:00,18:22:33+5:53:00,14:29:33+02:00,10:29:33-02:00
12:29:33+00:00,18:22:33+5:53:00,14:29:33+02:00,10:29:33-02:00
12:29:34+00:00,18:22:34+5:53:00,14:29:34+02:00,10:29:34-02:00
12:29:34+00:00,18:22:34+5:53:00,14:29:34+02:00,10:29:34-02:00
12:29:34+00:00,18:22:34+5:53:00,14:29:34+02:00,10:29:34-02:00
12:29:34+00:00,18:22:34+5:53:00,14:29:34+02:00,10:29:34-02:00
12:29:34+00:00,18:22:34+5:53:00,14:29:34+02:00,10:29:34-02:00
12:29:34+00:00,18:22:34+5:53:00,14:29:34+02:00,10:29:34-02:00
12:29:34+00:00,18:22:34+5:53:00,14:29:34+02:00,10:29:34-02:00
12:29:34+00:00,18:22:34+5:53:00,14:29:34+02:00,10:29:34-02:00
12:29:35+00:00,18:22:35+5:53:00,14:29:35+02:00,10:29:35-02:00
12:29:35+00:00,18:22:35+5:53:00,14:29:35+02:00,10:29:35-02:00
12:29:35+00:00,18:22:35+5:53:00,14:29:35+02:00,10:29:35-02:00
12:29:35+00:00,18:22:35+5:53:00,14:29:35+02:00,10:29:35-02:00
12:29:35+00:00,18:22:35+5:53:00,14:29:35+02:00,10:29:35-02:00
12:29:35+00:00,18:22:35+5:53:00,14:29:35+02:00,10:29:35-02:00
12:29:35+00:00,18:22:35+5:53:00,14:29:35+02:00,10:29:35-02:00
12:29:35+00:00,18:22:35+5:53:00,14:29:35+02:00,10:29:35-02:00
12:29:35+00:00,18:22:35+5:53:00,14:29:35+02:00,10:29:35-02:00
12:29:35+00:00,18:22:35+5:53:00,14:29:35+02:00,10:29:35-02:00
12:29:36+00:00,18:22:36+5:53:00,14:29:36+02:00,10:29:36-02:00
12:29:36+00:00,18:22:36+5:53:00,14:29:36+02:00,10:29:36-02:00
12:29:36+00:00,18:22:36+5:53:00,14:29:36+02:00,10:29:36-02:00
12:29:36+00:00,18:22:36+5:53:00,14:29:36+02:00,10:29:36-02:00
12:29:36+00:00,18:22:36+5:53:00,14:29:36+02:00,10:29:36-02:00
12:29:37+00:00,18:22:37+5:53:00,14:29:37+02:00,10:29:37-02:00
12:29:37+00:00,18:22:37+5:53:00,14:29:37+02:00,10:29:37-02:00
12:29:37+00:00,18:22:37+5:53:00,14:29:37+02:00,10:29:37-02:00
12:29:38+00:00,18:22:38+5:53:00,14:29:38+02:00,10:29:38-02:00
12:29:38+00:00,18:22:38+5:53:00,14:29:38+02:00,10:29:38-02:00
12:29:38+00:00,18:22:38+5:53:00,14:29:38+02:00,10:29:38-02:00
12:29:38+00:00,18:22:38+5:53:00,14:29:38+02:00,10:29:38-02:00
12:29:39+00:00,18:22:39+5:53:00,14:29:39+02:00,10:29:39-02:00
12:29:39+00:00,18:22:39+5:53:00,14:29:39+02:00,10:29:39-02:00
12:29:39+00:00,18:22:39+5:53:00,14:29:39+02:00,10:29:39-02:00
12:29:39+00:00,18:22:39+5:53:00,14:29:39+02:00,10:29:39-02:00
12:29:39+00:00,18:22:39+5:53:00,14:29:39+02:00,10:29:39-02:00
12:29:39+00:00,18:22:39+5:53:00,14:29:39+02:00,10:29:39-02:00
12:29:40+00:00,18:22:40+5:53:00,14:29:40+02:00,10:29:40-02:00
12:29:40+00:00,18:22:40+5:53:00,14:29:40+02:00,10:29:40-02:00
12:29:41+00:00,18:22:41+5:53:00,14:29:41+02:00,10:29:41-02:00
12:29:41+00:00,18:22:41+5:53:00,14:29:41+02:00,10:29:41-02:00
12:29:41+00:00,18:22:41+5:53:00,14:29:41+02:00,10:29:41-02:00
12:29:41+00:00,18:22:41+5:53:00,14:29:41+02:00,10:29:41-02:00
12:29:41+00:00,18:22:41+5:53:00,14:29:41+02:00,10:29:41-02:00
12:29:41+00:00,18:22:41+5:53:00,14:29:41+02:00,10:29:41-02:00
12:29:42+00:00,18:22:42+5:53:00,14:29:42+02:00,10:29:42-02:00
12:29:42+00:00,18:22:42+5:53:00,14:29:42+02:00,10:29:42-02:00
12:29:42+00:00,18:22:42+5:53:00,14:29:42+02:00,10:29:42-02:00
12:29:42+00:00,18:22:42+5:53:00,14:29:42+02:00,10:29:42-02:00
12:29:42+00:00,18:22:42+5:53:00,14:29:42+02:00,10:29:42-02:00
12:29:42+00:00,18:22:42+5:53:00,14:29:42+02:00,10:29:42-02:00
12:29:42+00:00,18:22:42+5:53:00,14:29:42+02:00,10:29:42-02:00
12:29:42+00:00,18:22:42+5:53:00,14:29:42+02:00,10:29:42-02:00
12:29:42+00:00,18:22:42+5:53:00,14:29:42+02:00,10:29:42-02:00
12:29:42+00:00,18:22:42+5:53:00,14:29:42+02:00,10:29:42-02:00
12:29:43+00:00,18:22:43+5:53:00,14:29:43+02:00,10:29:43-02:00
12:29:43+00:00,18:22:43+5:53:00,14:29:43+02:00,10:29:43-02:00
12:29:43+00:00,18:22:43+5:53:00,14:29:43+02:00,10:29:43-02:00
12:29:43+00:00,18:22:43+5:53:00,14:29:43+02:00,10:29:43-02:00
12:29:43+00:00,18:22:43+5:53:00,14:29:43+02:00,10:29:43-02:00
12:29:43+00:00,18:22:43+5:53:00,14:29:43+02:00,10:29:43-02:00
12:29:43+00:00,18:22:43+5:53:00,14:29:43+02:00,10:29:43-02:00
12:29:43+00:00,18:22:43+5:53:00,14:29:43+02:00,10:29:43-02:00
12:29:43+00:00,18:22:43+5:53:00,14:29:43+02:00,10:29:43-02:00
12:29:43+00:00,18:22:43+5:53:00,14:29:43+02:00,10:29:43-02:00
12:29:44+00:00,18:22:44+5:53:00,14:29:44+02:00,10:29:44-02:00
12:29:44+00:00,18:22:44+5:53:00,14:29:44+02:00,10:29:44-02:00
12:29:44+00:00,18:22:44+5:53:00,14:29:44+02:00,10:29:44-02:00
12:29:44+00:00,18:22:44+5:53:00,14:29:44+02:00,10:29:44-02:00
12:29:44+00:00,18:22:44+5:53:00,14:29:44+02:00,10:29:44-02:00
12:29:45+00:00,18:22:45+5:53:00,14:29:45+02:00,10:29:45-02:00
12:29:45+00:00,18:22:45+5:53:00,14:29:45+02:00,10:29:45-02:00
12:29:45+00:00,18:22:45+5:53:00,14:29:45+02:00,10:29:45-02:00
12:29:45+00:00,18:22:45+5:53:00,14:29:45+02:00,10:29:45-02:00
12:29:45+00:00,18:22:45+5:53:00,14:29:45+02:00,10:29:45-02:00
12:29:45+00:00,18:22:45+5:53:00,14:29:45+02:00,10:29:45-02:00
12:29:45+00:00,18:22:45+5:53:00,14:29:45+02:00,10:29:45-02:00
12:29:45+00:00,18:22:45+5:53:00,14:29:45+02:00,10:29:45-02:00
12:29:45+00:00,18:22:45+5:53:00,14:29:45+02:00,10:29:45-02:00
12:29:45+00:00,18:22:45+5:53:00,14:29:45+02:00,10:29:45-02:00
12:29:46+00:00,18:22:46+5:53:00,14:29:46+02:00,10:29:46-02:00
12:29:46+00:00,18:22:46+5:53:00,14:29:46+02:00,10:29:46-02:00
12:29:46+00:00,18:22:46+5:53:00,14:29:46+02:00,10:29:46-02:00
12:29:46+00:00,18:22:46+5:53:00,14:29:46+02:00,10:29:46-02:00
12:29:46+00:00,18:22:46+5:53:00,14:29:46+02:00,10:29:46-02:00
12:29:46+00:00,18:22:46+5:53:00,14:29:46+02:00,10:29:46-02:00
12:29:47+00:00,18:22:47+5:53:00,14:29:47+02:00,10:29:47-02:00
12:29:47+00:00,18:22:47+5:53:00,14:29:47+02:00,10:29:47-02:00
12:29:47+00:00,18:22:47+5:53:00,14:29:47+02:00,10:29:47-02:00
12:29:47+00:00,18:22:47+5:53:00,14:29:47+02:00,10:29:47-02:00
12:29:47+00:00,18:22:47+5:53:00,14:29:47+02:00,10:29:47-02:00
12:29:47+00:00,18:22:47+5:53:00,14:29:47+02:00,10:29:47-02:00
12:29:47+00:00,18:22:47+5:53:00,14:29:47+02:00,10:29:47-02:00
12:29:47+00:00,18:22:47+5:53:00,14:29:47+02:00,10:29:47-02:00
12:29:47+00:00,18:22:47+5:53:00,14:29:47+02:00,10:29:47-02:00
12:29:47+00:00,18:22:47+5:53:00,14:29:47+02:00,10:29:47-02:00
12:29:48+00:00,18:22:48+5:53:00,14:29:48+02:00,10:29:48-02:00
12:29:48+00:00,18:22:48+5:53:00,14:29:48+02:00,10:29:48-02:00
12:29:48+00:00,18:22:48+5:53:00,14:29:48+02:00,10:29:48-02:00
12:29:48+00:00,18:22:48+5:53:00,14:29:48+02:00,10:29:48-02:00
12:29:48+00:00,18:22:48+5:53:00,14:29:48+02:00,10:29:48-02:00
12:29:48+00:00,18:22:48+5:53:00,14:29:48+02:00,10:29:48-02:00
12:29:49+00:00,18:22:49+5:53:00,14:29:49+02:00,10:29:49-02:00
12:29:50+00:00,18:22:50+5:53:00,14:29:50+02:00,10:29:50-02:00
12:29:50+00:00,18:22:50+5:53:00,14:29:50+02:00,10:29:50-02:00
12:29:50+00:00,18:22:50+5:53:00,14:29:50+02:00,10:29:50-02:00
12:29:50+00:00,18:22:50+5:53:00,14:29:50+02:00,10:29:50-02:00
12:29:50+00:00,18:22:50+5:53:00,14:29:50+02:00,10:29:50-02:00
12:29:50+00:00,18:22:50+5:53:00,14:29:50+02:00,10:29:50-02:00
12:29:50+00:00,18:22:50+5:53:00,14:29:50+02:00,10:29:50-02:00
12:29:50+00:00,18:22:50+5:53:00,14:29:50+02:00,10:29:50-02:00
12:29:50+00:00,18:22:50+5:53:00,14:29:50+02:00,10:29:50-02:00
12:29:51+00:00,18:22:51+5:53:00,14:29:51+02:00,10:29:51-02:00
12:29:51+00:00,18:22:51+5:53:00,14:29:51+02:00,10:29:51-02:00
12:29:51+00:00,18:22:51+5:53:00,14:29:51+02:00,10:29:51-02:00
12:29:51+00:00,18:22:51+5:53:00,14:29:51+02:00,10:29:51-02:00
12:29:52+00:00,18:22:52+5:53:00,14:29:52+02:00,10:29:52-02:00
12:29:52+00:00,18:22:52+5:53:00,14:29:52+02:00,10:29:52-02:00
12:29:52+00:00,18:22:52+5:53:00,14:29:52+02:00,10:29:52-02:00
12:29:52+00:00,18:22:52+5:53:00,14:29:52+02:00,10:29:52-02:00
12:29:52+00:00,18:22:52+5:53:00,14:29:52+02:00,10:29:52-02:00
12:29:53+00:00,18:22:53+5:53:00,14:29:53+02:00,10:29:53-02:00
12:29:53+00:00,18:22:53+5:53:00,14:29:53+02:00,10:29:53-02:00
12:29:54+00:00,18:22:54+5:53:00,14:29:54+02:00,10:29:54-02:00
12:29:54+00:00,18:22:54+5:53:00,14:29:54+02:00,10:29:54-02:00
12:29:54+00:00,18:22:54+5:53:00,14:29:54+02:00,10:29:54-02:00
12:29:54+00:00,18:22:54+5:53:00,14:29:54+02:00,10:29:54-02:00
12:29:54+00:00,18:22:54+5:53:00,14:29:54+02:00,10:29:54-02:00
12:29:54+00:00,18:22:54+5:53:00,14:29:54+02:00,10:29:54-02:00
12:29:54+00:00,18:22:54+5:53:00,14:29:54+02:00,10:29:54-02:00
12:29:55+00:00,18:22:55+5:53:00,14:29:55+02:00,10:29:55-02:00
12:29:55+00:00,18:22:55+5:53:00,14:29:55+02:00,10:29:55-02:00
12:29:55+00:00,18:22:55+5:53:00,14:29:55+02:00,10:29:55-02:00
12:29:55+00:00,18:22:55+5:53:00,14:29:55+02:00,10:29:55-02:00
12:29:55+00:00,18:22:55+5:53:00,14:29:55+02:00,10:29:55-02:00
12:29:55+00:00,18:22:55+5:53:00,14:29:55+02:00,10:29:55-02:00
12:29:55+00:00,18:22:55+5:53:00,14:29:55+02:00,10:29:55-02:00
12:29:55+00:00,18:22:55+5:53:00,14:29:55+02:00,10:29:55-02:00
12:29:55+00:00,18:22:55+5:53:00,14:29:55+02:00,10:29:55-02:00
12:29:56+00:00,18:22:56+5:53:00,14:29:56+02:00,10:29:56-02:00
12:29:56+00:00,18:22:56+5:53:00,14:29:56+02:00,10:29:56-02:00
12:29:56+00:00,18:22:56+5:53:00,14:29:56+02:00,10:29:56-02:00
12:29:56+00:00,18:22:56+5:53:00,14:29:56+02:00,10:29:56-02:00
12:29:56+00:00,18:22:56+5:53:00,14:29:56+02:00,10:29:56-02:00
12:29:56+00:00,18:22:56+5:53:00,14:29:56+02:00,10:29:56-02:00
12:29:56+00:00,18:22:56+5:53:00,14:29:56+02:00,10:29:56-02:00
12:29:56+00:00,18:22:56+5:53:00,14:29:56+02:00,10:29:56-02:00
12:29:56+00:00,18:22:56+5:53:00,14:29:56+02:00,10:29:56-02:00
12:29:56+00:00,18:22:56+5:53:00,14:29:56+02:00,10:29:56-02:00
12:29:57+00:00,18:22:57+5:53:00,14:29:57+02:00,10:29:57-02:00
12:29:57+00:00,18:22:57+5:53:00,14:29:57+02:00,10:29:57-02:00
12:29:57+00:00,18:22:57+5:53:00,14:29:57+02:00,10:29:57-02:00
12:29:57+00:00,18:22:57+5:53:00,14:29:57+02:00,10:29:57-02:00
12:29:57+00:00,18:22:57+5:53:00,14:29:57+02:00,10:29:57-02:00
12:29:57+00:00,18:22:57+5:53:00,14:29:57+02:00,10:29:57-02:00
12:29:57+00:00,18:22:57+5:53:00,14:29:57+02:00,10:29:57-02:00
12:29:57+00:00,18:22:57+5:53:00,14:29:57+02:00,10:29:57-02:00
12:29:58+00:00,18:22:58+5:53:00,14:29:58+02:00,10:29:58-02:00
12:29:58+00:00,18:22:58+5:53:00,14:29:58+02:00,10:29:58-02:00
12:29:58+00:00,18:22:58+5:53:00,14:29:58+02:00,10:29:58-02:00
12:29:58+00:00,18:22:58+5:53:00,14:29:58+02:00,10:29:58-02:00
12:29:59+00:00,18:22:59+5:53:00,14:29:59+02:00,10:29:59-02:00
12:29:59+00:00,18:22:59+5:53:00,14:29:59+02:00,10:29:59-02:00
12:30:00+00:00,18:23:00+5:53:00,14:30:00+02:00,10:30:00-02:00
12:30:00+00:00,18:23:00+5:53:00,14:30:00+02:00,10:30:00-02:00
12:30:01+00:00,18:23:01+5:53:00,14:30:01+02:00,10:30:01-02:00
12:30:02+00:00,18:23:02+5:53:00,14:30:02+02:00,10:30:02-02:00
12:30:02+00:00,18:23:02+5:53:00,14:30:02+02:00,10:30:02-02:00
12:30:02+00:00,18:23:02+5:53:00,14:30:02+02:00,10:30:02-02:00
12:30:03+00:00,18:23:03+5:53:00,14:30:03+02:00,10:30:03-02:00
12:30:03+00:00,18:23:03+5:53:00,14:30:03+02:00,10:30:03-02:00
12:30:03+00:00,18:23:03+5:53:00,14:30:03+02:00,10:30:03-02:00
12:30:04+00:00,18:23:04+5:53:00,14:30:04+02:00,10:30:04-02:00
12:30:04+00:00,18:23:04+5:53:00,14:30:04+02:00,10:30:04-02:00
12:30:04+00:00,18:23:04+5:53:00,14:30:04+02:00,10:30:04-02:00
12:30:04+00:00,18:23:04+5:53:00,14:30:04+02:00,10:30:04-02:00
12:30:05+00:00,18:23:05+5:53:00,14:30:05+02:00,10:30:05-02:00
12:30:05+00:00,18:23:05+5:53:00,14:30:05+02:00,10:30:05-02:00
12:30:06+00:00,18:23:06+5:53:00,14:30:06+02:00,10:30:06-02:00
12:30:07+00:00,18:23:07+5:53:00,14:30:07+02:00,10:30:07-02:00
12:30:07+00:00,18:23:07+5:53:00,14:30:07+02:00,10:30:07-02:00
12:30:07+00:00,18:23:07+5:53:00,14:30:07+02:00,10:30:07-02:00
12:30:07+00:00,18:23:07+5:53:00,14:30:07+02:00,10:30:07-02:00
12:30:07+00:00,18:23:07+5:53:00,14:30:07+02:00,10:30:07-02:00
12:30:07+00:00,18:23:07+5:53:00,14:30:07+02:00,10:30:07-02:00
12:30:07+00:00,18:23:07+5:53:00,14:30:07+02:00,10:30:07-02:00
12:30:07+00:00,18:23:07+5:53:00,14:30:07+02:00,10:30:07-02:00
12:30:07+00:00,18:23:07+5:53:00,14:30:07+02:00,10:30:07-02:00
12:30:07+00:00,18:23:07+5:53:00,14:30:07+02:00,10:30:07-02:00
12:30:07+00:00,18:23:07+5:53:00,14:30:07+02:00,10:30:07-02:00
12:30:08+00:00,18:23:08+5:53:00,14:30:08+02:00,10:30:08-02:00
12:30:08+00:00,18:23:08+5:53:00,14:30:08+02:00,10:30:08-02:00
12:30:08+00:00,18:23:08+5:53:00,14:30:08+02:00,10:30:08-02:00
12:30:08+00:00,18:23:08+5:53:00,14:30:08+02:00,10:30:08-02:00
12:30:08+00:00,18:23:08+5:53:00,14:30:08+02:00,10:30:08-02:00
12:30:08+00:00,18:23:08+5:53:00,14:30:08+02:00,10:30:08-02:00
12:30:08+00:00,18:23:08+5:53:00,14:30:08+02:00,10:30:08-02:00
12:30:08+00:00,18:23:08+5:53:00,14:30:08+02:00,10:30:08-02:00
12:30:08+00:00,18:23:08+5:53:00,14:30:08+02:00,10:30:08-02:00
12:30:08+00:00,18:23:08+5:53:00,14:30:08+02:00,10:30:08-02:00
12:30:08+00:00,18:23:08+5:53:00,14:30:08+02:00,10:30:08-02:00
12:30:08+00:00,18:23:08+5:53:00,14:30:08+02:00,10:30:08-02:00
12:30:08+00:00,18:23:08+5:53:00,14:30:08+02:00,10:30:08-02:00
12:30:08+00:00,18:23:08+5:53:00,14:30:08+02:00,10:30:08-02:00
12:30:09+00:00,18:23:09+5:53:00,14:30:09+02:00,10:30:09-02:00
12:30:09+00:00,18:23:09+5:53:00,14:30:09+02:00,10:30:09-02:00
12:30:09+00:00,18:23:09+5:53:00,14:30:09+02:00,10:30:09-02:00
12:30:09+00:00,18:23:09+5:53:00,14:30:09+02:00,10:30:09-02:00
12:30:09+00:00,18:23:09+5:53:00,14:30:09+02:00,10:30:09-02:00
12:30:09+00:00,18:23:09+5:53:00,14:30:09+02:00,10:30:09-02:00
12:30:09+00:00,18:23:09+5:53:00,14:30:09+02:00,10:30:09-02:00
12:30:09+00:00,18:23:09+5:53:00,14:30:09+02:00,10:30:09-02:00
12:30:09+00:00,18:23:09+5:53:00,14:30:09+02:00,10:30:09-02:00
12:30:09+00:00,18:23:09+5:53:00,14:30:09+02:00,10:30:09-02:00
12:30:09+00:00,18:23:09+5:53:00,14:30:09+02:00,10:30:09-02:00
12:30:09+00:00,18:23:09+5:53:00,14:30:09+02:00,10:30:09-02:00
12:30:09+00:00,18:23:09+5:53:00,14:30:09+02:00,10:30:09-02:00
12:30:09+00:00,18:23:09+5:53:00,14:30:09+02:00,10:30:09-02:00
12:30:09+00:00,18:23:09+5:53:00,14:30:09+02:00,10:30:09-02:00
12:30:09+00:00,18:23:09+5:53:00,14:30:09+02:00,10:30:09-02:00
12:30:09+00:00,18:23:09+5:53:00,14:30:09+02:00,10:30:09-02:00
12:30:10+00:00,18:23:10+5:53:00,14:30:10+02:00,10:30:10-02:00
12:30:10+00:00,18:23:10+5:53:00,14:30:10+02:00,10:30:10-02:00
12:30:10+00:00,18:23:10+5:53:00,14:30:10+02:00,10:30:10-02:00
12:30:10+00:00,18:23:10+5:53:00,14:30:10+02:00,10:30:10-02:00
12:30:10+00:00,18:23:10+5:53:00,14:30:10+02:00,10:30:10-02:00
12:19:05+00:00,18:12:05+5:53:00,14:19:05+02:00,10:19:05-02:00
15:00:37+00:00,20:53:37+5:53:00,17:00:37+02:00,13:00:37-02:00
12:15:51+00:00,18:08:51+5:53:00,14:15:51+02:00,10:15:51-02:00
15:36:28+00:00,21:29:28+5:53:00,17:36:28+02:00,13:36:28-02:00
10:00:12+00:00,15:53:12+5:53:00,12:00:12+02:00,08:00:12-02:00
08:00:29+00:00,13:53:29+5:53:00,10:00:29+02:00,06:00:29-02:00
19:10:18+00:00,01:03:18+5:53:00,21:10:18+02:00,17:10:18-02:00
09:15:22+00:00,15:08:22+5:53:00,11:15:22+02:00,07:15:22-02:00
15:55:16+00:00,21:48:16+5:53:00,17:55:16+02:00,13:55:16-02:00
15:55:23+00:00,21:48:23+5:53:00,17:55:23+02:00,13:55:23-02:00
15:50:52+00:00,21:43:52+5:53:00,17:50:52+02:00,13:50:52-02:00
15:55:29+00:00,21:48:29+5:53:00,17:55:29+02:00,13:55:29-02:00
15:55:32+00:00,21:48:32+5:53:00,17:55:32+02:00,13:55:32-02:00
15:54:25+00:00,21:47:25+5:53:00,17:54:25+02:00,13:54:25-02:00
15:54:26+00:00,21:47:26+5:53:00,17:54:26+02:00,13:54:26-02:00
15:54:26+00:00,21:47:26+5:53:00,17:54:26+02:00,13:54:26-02:00
15:51:11+00:00,21:44:11+5:53:00,17:51:11+02:00,13:51:11-02:00
16:01:25+00:00,21:54:25+5:53:00,18:01:25+02:00,14:01:25-02:00
16:01:35+00:00,21:54:35+5:53:00,18:01:35+02:00,14:01:35-02:00
15:51:59+00:00,21:44:59+5:53:00,17:51:59+02:00,13:51:59-02:00
16:01:53+00:00,21:54:53+5:53:00,18:01:53+02:00,14:01:53-02:00
16:02:01+00:00,21:55:01+5:53:00,18:02:01+02:00,14:02:01-02:00
15:52:48+00:00,21:45:48+5:53:00,17:52:48+02:00,13:52:48-02:00
16:02:09+00:00,21:55:09+5:53:00,18:02:09+02:00,14:02:09-02:00
15:53:16+00:00,21:46:16+5:53:00,17:53:16+02:00,13:53:16-02:00
15:54:36+00:00,21:47:36+5:53:00,17:54:36+02:00,13:54:36-02:00
16:02:13+00:00,21:55:13+5:53:00,18:02:13+02:00,14:02:13-02:00
15:53:26+00:00,21:46:26+5:53:00,17:53:26+02:00,13:53:26-02:00
15:53:27+00:00,21:46:27+5:53:00,17:53:27+02:00,13:53:27-02:00
16:02:15+00:00,21:55:15+5:53:00,18:02:15+02:00,14:02:15-02:00
15:53:33+00:00,21:46:33+5:53:00,17:53:33+02:00,13:53:33-02:00
16:02:16+00:00,21:55:16+5:53:00,18:02:16+02:00,14:02:16-02:00
15:53:41+00:00,21:46:41+5:53:00,17:53:41+02:00,13:53:41-02:00
16:02:21+00:00,21:55:21+5:53:00,18:02:21+02:00,14:02:21-02:00
15:53:47+00:00,21:46:47+5:53:00,17:53:47+02:00,13:53:47-02:00
15:53:47+00:00,21:46:47+5:53:00,17:53:47+02:00,13:53:47-02:00
15:53:47+00:00,21:46:47+5:53:00,17:53:47+02:00,13:53:47-02:00
15:55:02+00:00,21:48:02+5:53:00,17:55:02+02:00,13:55:02-02:00
15:54:03+00:00,21:47:03+5:53:00,17:54:03+02:00,13:54:03-02:00
15:54:07+00:00,21:47:07+5:53:00,17:54:07+02:00,13:54:07-02:00
15:54:18+00:00,21:47:18+5:53:00,17:54:18+02:00,13:54:18-02:00
15:54:22+00:00,21:47:22+5:53:00,17:54:22+02:00,13:54:22-02:00
16:02:25+00:00,21:55:25+5:53:00,18:02:25+02:00,14:02:25-02:00
15:55:02+00:00,21:48:02+5:53:00,17:55:02+02:00,13:55:02-02:00
16:02:31+00:00,21:55:31+5:53:00,18:02:31+02:00,14:02:31-02:00
15:54:55+00:00,21:47:55+5:53:00,17:54:55+02:00,13:54:55-02:00
15:55:01+00:00,21:48:01+5:53:00,17:55:01+02:00,13:55:01-02:00
16:02:40+00:00,21:55:40+5:53:00,18:02:40+02:00,14:02:40-02:00
16:02:41+00:00,21:55:41+5:53:00,18:02:41+02:00,14:02:41-02:00
16:02:42+00:00,21:55:42+5:53:00,18:02:42+02:00,14:02:42-02:00
16:02:44+00:00,21:55:44+5:53:00,18:02:44+02:00,14:02:44-02:00
16:02:47+00:00,21:55:47+5:53:00,18:02:47+02:00,14:02:47-02:00
16:02:53+00:00,21:55:53+5:53:00,18:02:53+02:00,14:02:53-02:00
16:02:54+00:00,21:55:54+5:53:00,18:02:54+02:00,14:02:54-02:00
15:54:25+00:00,21:47:25+5:53:00,17:54:25+02:00,13:54:25-02:00
07:18:17+00:00,13:11:17+5:53:00,09:18:17+02:00,05:18:17-02:00
18:23:24+00:00,00:16:24+5:53:00,20:23:24+02:00,16:23:24-02:00
17:00:43+00:00,22:53:43+5:53:00,19:00:43+02:00,15:00:43-02:00
16:13:41+00:00,22:06:41+5:53:00,18:13:41+02:00,14:13:41-02:00
23:21:51+00:00,05:14:51+5:53:00,01:21:51+02:00,21:21:51-02:00
18:13:43+00:00,00:06:43+5:53:00,20:13:43+02:00,16:13:43-02:00
13:45:49+00:00,19:38:49+5:53:00,15:45:49+02:00,11:45:49-02:00
